content,author,source
"Ý dẫn đầu các pháp,
Ý làm chủ, ý tạo;
Nếu với ý ô nhiễm,
Nói lên hay hành động,
Khổ não bước theo sau,
Như xe, chân vật kéo.",Kinh Pháp Cú,Phẩm Song Đối - Bài Kệ 1
"Ý dẫn đầu các pháp,
Ý làm chủ, ý tạo,
Nếu với ý thanh tịnh,
Nói lên hay hành động,
An lạc bước theo sau,
Như bóng, không rời hình.",Kinh Pháp Cú,Phẩm Song Đối - Bài Kệ 2
"Nó mắng tôi, đánh tôi,
Nó thắng tôi, cướp tôi
Ai ôm hiềm hận ấy,
Hận thù không thể nguôi.",Kinh Pháp Cú,Phẩm Song Đối - Bài Kệ 3
"Nó mắng tôi, đánh tôi,
Nó thắng tôi, cướp tôi,
Không ôm hiềm hận ấy,
Hận thù được tự nguôi.",Kinh Pháp Cú,Phẩm Song Đối - Bài Kệ 4
"Với hận diệt hận thù,
Đời này không có được.
Không hận diệt hận thù,
Là định luật ngàn thu.",Kinh Pháp Cú,Phẩm Song Đối - Bài Kệ 5
"Người khác không hiểu biết,
Chúng ta đây bị hại.
Chỗ ấy, ai hiểu được
Tranh luận được lắng êm.",Kinh Pháp Cú,Phẩm Song Đối - Bài Kệ 6
"Ai sống nhìn tịnh tướng,
không hộ trì các căn,
ăn uống thiếu tiết độ,
biếng nhác, chẳng tinh cần.
Ma uy hiếp kẻ ấy,
như cây yếu trước gió.",Kinh Pháp Cú,Phẩm Song Đối - Bài Kệ 7
"Ai sống quán bất tịnh,
Khéo hộ trì các căn,
ăn uống có tiết độ,
có lòng tin, tinh cần,
Ma không uy hiếp được,
Như núi đá, trước gió.",Kinh Pháp Cú,Phẩm Song Đối - Bài Kệ 8
"Ai mặc áo cà sa,
tâm chưa rời uế trược,
không tự chế, không thực,
không xứng áo cà sa.",Kinh Pháp Cú,Phẩm Song Đối - Bài Kệ 9
"Ai rời bỏ uế trược,
giới luật khéo nghiêm trì,
tự chế, sống chơn thực,
thật xứng áo cà sa.",Kinh Pháp Cú,Phẩm Song Đối - Bài Kệ 10
"Không chân, tưởng chân thật,
Chân thật, thấy không chân:
Chúng không đạt chân thật,
Do tà tư, tà hạnh.",Kinh Pháp Cú,Phẩm Song Đối - Bài Kệ 11
"Chân thật, biết chân thật,
Không chân, biết không chân.
Chúng đạt được chân thật,
do chánh tư, chánh hạnh.",Kinh Pháp Cú,Phẩm Song Đối - Bài Kệ 12
"Như ngôi nhà vụng lợp,
Mưa liền xâm nhập vào.
Cũng vậy tâm không tu,
Tham dục liền xâm nhập.",Kinh Pháp Cú,Phẩm Song Đối - Bài Kệ 13
"Như ngôi nhà khéo lợp,
Mưa không xâm nhập vào.
Cũng vậy tâm khéo tu,
Tham dục không xâm nhập.",Kinh Pháp Cú,Phẩm Song Đối - Bài Kệ 14
"Nay sầu, đời sau sầu,
Kẻ ác, hai đời sầu;
Nó sầu, nó ưu não,
Thấy nghiệp uế mình làm.",Kinh Pháp Cú,Phẩm Song Đối - Bài Kệ 15
"Nay vui, đời sau vui,
Làm phước, hai đời vui.
Nó vui, nó an vui,
Thấy nghiệp tịnh mình làm.",Kinh Pháp Cú,Phẩm Song Đối - Bài Kệ 16
"Nay than, đời sau than,
Kẻ ác, hai đời than,
Nó than: 'Ta làm ác'
Đọa cõi dữ, than hơn.",Kinh Pháp Cú,Phẩm Song Đối - Bài Kệ 17
"Nay sướng, đời sau sướng,
Làm phước, hai đời sướng.
Nó sướng: 'Ta làm thiện',
Sanh cõi lành, sướng hơn.",Kinh Pháp Cú,Phẩm Song Đối - Bài Kệ 18
"Nếu người nói nhiều kinh,
Không hành trì, phóng dật;
Như kẻ chăn bò người,
Không phần Sa môn hạnh.",Kinh Pháp Cú,Phẩm Song Đối - Bài Kệ 19
"Dầu nói ít kinh điển,
Nhưng hành pháp, tùy pháp,
Từ bỏ tham, sân, si,
Tĩnh giác, tâm giải thoát,
Không chấp thủ hai đời,
Dự phần Sa môn hạnh.",Kinh Pháp Cú,Phẩm Song Đối - Bài Kệ 20
"Không phóng dật, đường sống,
Phóng dật là đường chết.
Không phóng dật, không chết,
Phóng dật như chết rồi.",Kinh Pháp Cú,Phẩm Không Xao Lãng - Bài Kệ 21
"Biết rõ sai biệt ấy,
Người trí không phóng dật,
Hoan hỷ, không phóng dật,
An vui hạnh bậc Thánh.",Kinh Pháp Cú,Phẩm Không Xao Lãng - Bài Kệ 22
"Người hằng tu thiền định,
Thường kiên trì tinh tấn.
Bậc trí hưởng Niết Bàn,
Ách an tịnh vô thượng.",Kinh Pháp Cú,Phẩm Không Xao Lãng - Bài Kệ 23
"Nỗ lực, giữ chánh niệm,
Tịnh hạnh, hành thận trọng
Tự điều, sống theo pháp,
Ai sống không phóng dật,
Tiếng lành ngày tăng trưởng.",Kinh Pháp Cú,Phẩm Không Xao Lãng - Bài Kệ 24
"Nỗ lực, không phóng dật,
Tự điều, khéo chế ngự.
Bậc trí xây hòn đảo,
Nước lụt khó ngập tràn.",Kinh Pháp Cú,Phẩm Không Xao Lãng - Bài Kệ 25
"Chúng ngu si thiếu trí,
Chuyên sống đời phóng dật.
Người trí, không phóng dật,
Như giữ tài sản quý.",Kinh Pháp Cú,Phẩm Không Xao Lãng - Bài Kệ 26
"Chớ sống đời phóng dật,
Chớ mê say dục lạc.
Không phóng dật, thiền định,
Đạt được an lạc lớn.",Kinh Pháp Cú,Phẩm Không Xao Lãng - Bài Kệ 27
"Người trí dẹp phóng dật,
Với hạnh không phóng dật,
Leo lầu cao trí tuệ,
Không sầu, nhìn khổ sầu,
Bậc trí đứng núi cao,
Nhìn kẻ ngu, đất bằng.",Kinh Pháp Cú,Phẩm Không Xao Lãng - Bài Kệ 28
"Tinh cần giữa phóng dật,
Tỉnh thức giữa quần mê.
Người trí như ngựa phi,
Bỏ sau con ngựa hèn.",Kinh Pháp Cú,Phẩm Không Xao Lãng - Bài Kệ 29
"Đế Thích không phóng dật,
Đạt ngôi vị Thiên chủ.
Không phóng dật, được khen;
Phóng dật, thường bị trách.",Kinh Pháp Cú,Phẩm Không Xao Lãng - Bài Kệ 30
"Vui thích không phóng dật,
Tỷ kheo sợ phóng dật,
Bước tới như lửa hừng,
Thiêu kiết sử lớn nhỏ.",Kinh Pháp Cú,Phẩm Không Xao Lãng - Bài Kệ 31
"Vui thích không phóng dật,
Tỷ kheo sợ phóng dật,
Không thể bị thối đọa,
Nhất định gần Niết Bàn.",Kinh Pháp Cú,Phẩm Không Xao Lãng - Bài Kệ 32
"Tâm hoảng hốt giao động,
Khó hộ trì, khó nhiếp,
Người trí làm tâm thẳng,
Như thợ tên, làm tên.",Kinh Pháp Cú,Phẩm Tâm - Bài Kệ 33
"Như cá quăng lên bờ,
Vất ra ngoài thủy giới;
Tâm này vũng vẫy mạnh,
Hãy đoạn thế lực Ma.",Kinh Pháp Cú,Phẩm Tâm - Bài Kệ 34
"Khó nắm giữ, khinh động,
Theo các dục quay cuồng.
Lành thay, điều phục tâm;
Tâm điều, an lạc đến.",Kinh Pháp Cú,Phẩm Tâm - Bài Kệ 35
"Tâm khó thấy, tế nhị,
Theo các dục quay cuồng.
Người trí phòng hộ tâm,
Tâm hộ, an lạc đến.",Kinh Pháp Cú,Phẩm Tâm - Bài Kệ 36
"Chạy xa, sống một mình,
Không thân, ẩn hang sâu
Ai điều phục được tâm,
Thoát khỏi Ma trói buộc.",Kinh Pháp Cú,Phẩm Tâm - Bài Kệ 37
"Ai tâm không an trú,
Không biết chân diệu pháp,
Tịnh tín bị rúng động,
Trí tuệ không viên thành.",Kinh Pháp Cú,Phẩm Tâm - Bài Kệ 38
"Tâm không đầy tràn dục,
Tâm không (hận) công phá,
Đoạn tuyệt mọi thiện ác,
Kẻ tỉnh không sợ hãi.",Kinh Pháp Cú,Phẩm Tâm - Bài Kệ 39
"Biết thân như đồ gốm,
Trú tâm như thành trì,
Chống ma với gươm trí;
Giữ chiến thắng không tham.",Kinh Pháp Cú,Phẩm Tâm - Bài Kệ 40
"Không bao lâu thân này,
Sẽ nằm dài trên đất,
Bị vất bỏ, vô thức,
Như khúc cây vô dụng.",Kinh Pháp Cú,Phẩm Tâm - Bài Kệ 41
"Kẻ thù hại kẻ thù,
Oan gia hại oan gia,
Không bằng tâm hướng tà,
Gây ác cho tự thân.",Kinh Pháp Cú,Phẩm Tâm - Bài Kệ 42
"Điều mẹ cha bà con,
Không có thể làm được
Tâm hướng chánh làm được
Làm được tốt đẹp hơn.",Kinh Pháp Cú,Phẩm Tâm - Bài Kệ 43
"Ai chinh phục đất này
Dạ ma, Thiên giới này?
Ai khéo giảng Pháp cú,
Như người khéo hái hoa?",Kinh Pháp Cú,Phẩm Bông Hoa - Bài Kệ 44
"Hữu học chinh phục đất,
Dạ ma, Thiên giới này.
Hữu học giảng Pháp cú,
Như người khéo hái hoa.",Kinh Pháp Cú,Phẩm Bông Hoa - Bài Kệ 45
"Biết thân như bọt nước,
Ngộ thân là như huyễn,
Bẻ tên hoa của ma,
Vượt tầm mắt thần chết.",Kinh Pháp Cú,Phẩm Bông Hoa - Bài Kệ 46
"Người nhặt các loại hoa,
Ý đắm say, tham nhiễm,
Bị thần chết mang đi,
Như lụt trôi làng ngủ.",Kinh Pháp Cú,Phẩm Bông Hoa - Bài Kệ 47
"Người nhặt các loại hoa,
Ý đắm say tham nhiễm,
Các dục chưa thỏa mãn,
Đã bị chết chinh phục.",Kinh Pháp Cú,Phẩm Bông Hoa - Bài Kệ 48
"Như ong đến với hoa,
Không hại sắc và hương,
Che chở hoa, lấy nhụy.
Bậc Thánh đi vào làng.",Kinh Pháp Cú,Phẩm Bông Hoa - Bài Kệ 49
"Không nên nhìn lỗi người,
Người làm hay không làm.
Nên nhìn tự chính mình.
Có làm hay không làm.",Kinh Pháp Cú,Phẩm Bông Hoa - Bài Kệ 50
"Như bông hoa tươi đẹp,
Có sắc nhưng không hương.
Cũng vậy, lời khéo nói,
Không làm, không kết quả.",Kinh Pháp Cú,Phẩm Bông Hoa - Bài Kệ 51
"Như bông hoa tươi đẹp,
Có sắc lại thêm hương;
Cũng vậy, lời khéo nói,
Có làm, có kết quả.",Kinh Pháp Cú,Phẩm Bông Hoa - Bài Kệ 52
"Như từ một đống hoa,
Nhiều tràng hoa được làm.
Cũng vậy, thân sanh tử,
Làm được nhiều việc lành.",Kinh Pháp Cú,Phẩm Bông Hoa - Bài Kệ 53
"Hương các loại hoa thơm
Không ngược bay chiều gió
Nhưng hương người đức hạnh
Ngược gió khắp tung bay
Chỉ có bậc chân nhân
Tỏa khắp mọi phương trời.",Kinh Pháp Cú,Phẩm Bông Hoa - Bài Kệ 54
"Hoa chiên đàn, già la,
Hoa sen, hoa vũ quý,
Giữa những hương hoa ấy,
Giới hương là vô thượng.",Kinh Pháp Cú,Phẩm Bông Hoa - Bài Kệ 55
"Ít giá trị hương này,
Hương già la, chiên đàn;
Chỉ hương người đức hạnh,
Tối thượng tỏa Thiên giới.",Kinh Pháp Cú,Phẩm Bông Hoa - Bài Kệ 56
"Giữa ai có giới hạnh,
An trú không phóng dật,
Chánh trí, chơn giải thoát,
Ác ma không thấy đường.",Kinh Pháp Cú,Phẩm Bông Hoa - Bài Kệ 57
"Như giữa đống rác nhớp,
Quăng bỏ trên đường lớn,
Chỗ ấy hoa sen nở,
Thơm sạch, đẹp ý người.",Kinh Pháp Cú,Phẩm Bông Hoa - Bài Kệ 58
"Cũng vậy giữa quần sanh,
Uế nhiễm, mù, phàm tục,
Đệ tử bậc Chánh Giác,
Sáng ngời với Tuệ Trí.",Kinh Pháp Cú,Phẩm Bông Hoa - Bài Kệ 59
"Đêm dài cho kẻ thức,
Đường dài cho kẻ mệt,
Luân hồi dài, kẻ ngu,
Không biết chơn diệu pháp.",Kinh Pháp Cú,Phẩm Kẻ Ngu - Bài Kệ 60
"Tìm không được bạn đường,
Hơn mình hay bằng mình,
Thà quyết sống một mình,
Không bè bạn kẻ ngu.",Kinh Pháp Cú,Phẩm Kẻ Ngu - Bài Kệ 61
"Con tôi, tài sản tôi,
Người ngu sanh ưu não,
Tự ta, ta không có,
Con đâu, tài sản đâu.",Kinh Pháp Cú,Phẩm Kẻ Ngu - Bài Kệ 62
"Người ngu nghĩ mình ngu,
Nhờ vậy thành có trí.
Người ngu tưởng có trí,
Thật xứng gọi chí ngu.",Kinh Pháp Cú,Phẩm Kẻ Ngu - Bài Kệ 63
"Người ngu, dầu trọn đời,
Thân cận người có trí,
Không biết được Chánh pháp,
Như muỗng với vị canh.",Kinh Pháp Cú,Phẩm Kẻ Ngu - Bài Kệ 64
"Người trí, dầu một khắc,
Thân cận người có trí,
Biết ngay chân diệu pháp,
Như lưỡi với vị canh.",Kinh Pháp Cú,Phẩm Kẻ Ngu - Bài Kệ 65
"Người ngu si thiếu trí,
Tự ngã thành kẻ thù.
Làm các nghiệp không thiện,
Phải chịu quả đắng cay.",Kinh Pháp Cú,Phẩm Kẻ Ngu - Bài Kệ 66
"Nghiệp làm không chánh thiện,
Làm rồi sanh ăn năn,
Mặt nhuốm lệ, khóc than,
Lãnh chịu quả dị thục.",Kinh Pháp Cú,Phẩm Kẻ Ngu - Bài Kệ 67
"Và nghiệp làm chánh thiện,
Làm rồi không ăn năn,
Hoan hỷ, ý đẹp lòng,
Hưởng thọ quả dị thục.",Kinh Pháp Cú,Phẩm Kẻ Ngu - Bài Kệ 68
"Người ngu nghĩ là ngọt,
Khi ác chưa chín muồi;
Ác nghiệp chín muồi rồi,
Người ngu chịu khổ đau.",Kinh Pháp Cú,Phẩm Kẻ Ngu - Bài Kệ 69
"Tháng tháng với ngọn cỏ,
Người ngu có ăn uống
Không bằng phần mười sáu
Người hiểu pháp hữu vi.",Kinh Pháp Cú,Phẩm Kẻ Ngu - Bài Kệ 70
"Nghiệp ác đã được làm,
Như sữa, không đông ngay,
Cháy ngầm theo kẻ ngu,
Như lửa tro che đậy.",Kinh Pháp Cú,Phẩm Kẻ Ngu - Bài Kệ 71
"Tự nó chịu bất hạnh,
Khi danh đến kẻ ngu.
Vận may bị tổn hại,
Đầu nó bị nát tan.",Kinh Pháp Cú,Phẩm Kẻ Ngu - Bài Kệ 72
"Ưa danh không tương xứng,
Muốn ngồi trước tỷ kheo,
Ưa quyền tại tịnh xá,
Muốn mọi người lễ kính.",Kinh Pháp Cú,Phẩm Kẻ Ngu - Bài Kệ 73
"Mong cả hai tăng, tục,
Nghĩ rằng (chính ta làm).
Trong mọi việc lớn nhỏ,
Phải theo mệnh lệnh ta
Người ngu nghĩ như vậy
Dục và mạn tăng trưởng.",Kinh Pháp Cú,Phẩm Kẻ Ngu - Bài Kệ 74
"Khác thay duyên thế lợi,
Khác thay đường Niết Bàn.
Tỷ kheo, đệ tử Phật,
Hãy như vậy thắng tri.
Chớ ưa thích cung kính,
Hãy tu hạnh viễn ly.",Kinh Pháp Cú,Phẩm Kẻ Ngu - Bài Kệ 75
"Nếu thấy bậc hiền trí,
Chỉ lỗi và khiển trách,
Như chỉ chỗ chôn vàng
Hãy thân cận người trí!
Thân cận người như vậy,
Chỉ tốt hơn, không xấu.",Kinh Pháp Cú,Phẩm Người Trí - Bài Kệ 76
"Những người hay khuyên dạy,
Ngăn người khác làm ác,
Được người hiền kính yêu,
Bị người ác không thích.",Kinh Pháp Cú,Phẩm Người Trí - Bài Kệ 77
"Chớ thân với bạn ác,
Chớ thân kẻ tiểu nhân.
Hãy thân người bạn lành,
Hãy thân bậc thượng nhân.",Kinh Pháp Cú,Phẩm Người Trí - Bài Kệ 78
"Pháp hỷ đem an lạc,
Với tâm tư thuần tịnh;
Người trí thường hoan hỷ,
Với pháp bậc Thánh thuyết.",Kinh Pháp Cú,Phẩm Người Trí - Bài Kệ 79
"Người trị thủy dẫn nước,
Kẻ làm tên nắn tên,
Người thợ mộc uốn gỗ,
Bậc trí nhiếp tự thân.",Kinh Pháp Cú,Phẩm Người Trí - Bài Kệ 80
"Như đá tảng kiên cố,
Không gió nào giao động,
Cũng vậy, giữa khen chê,
Người trí không giao động.",Kinh Pháp Cú,Phẩm Người Trí - Bài Kệ 81
"Như hồ nước sâu thẳm,
Trong sáng, không khuấy đục,
Cũng vậy, nghe chánh pháp,
Người trí hưởng tịnh lạc.",Kinh Pháp Cú,Phẩm Người Trí - Bài Kệ 82
"Người hiền bỏ tất cả,
Người lành không bàn dục,
Dầu cảm thọ lạc khổ,
Bậc trí không vui buồn.",Kinh Pháp Cú,Phẩm Người Trí - Bài Kệ 83
"Không vì mình, vì người.
Không cầu được con cái,
Không tài sản quốc độ,
Không cầu mình thành tựu,
Với việc làm phi pháp.
Vị ấy thật trì giới,
Có trí tuệ, đúng pháp.",Kinh Pháp Cú,Phẩm Người Trí - Bài Kệ 84
"Ít người giữa nhân loại,
Đến được bờ bên kia
Còn số người còn lại,
Xuôi ngược chạy bờ này.",Kinh Pháp Cú,Phẩm Người Trí - Bài Kệ 85
"Những ai hành trì pháp,
Theo chánh pháp khéo dạy,
Sẽ đến bờ bên kia,
Vượt ma lực khó thoát.",Kinh Pháp Cú,Phẩm Người Trí - Bài Kệ 86
"Kẻ trí bỏ pháp đen,
Tu tập theo pháp trắng.
Bỏ nhà, sống không nhà,
Sống viễn ly khổ lạc.",Kinh Pháp Cú,Phẩm Người Trí - Bài Kệ 87
"Hãy cầu vui Niết Bàn,
Bỏ dục, không sở hữu,
Kẻ trí tự rửa sạch,
Cấu uế từ nội tâm.",Kinh Pháp Cú,Phẩm Người Trí - Bài Kệ 88
"Những ai với chánh tâm,
Khéo tu tập giác chi,
Từ bỏ mọi ái nhiễm,
Hoan hỷ không chấp thủ.
Không lậu hoặc, sáng chói,
Sống tịch tịnh ở đời.",Kinh Pháp Cú,Phẩm Người Trí - Bài Kệ 89
"Đích đã đến, không sầu,
Giải thoát ngoài tất cả,
Đoạn trừ mọi buộc ràng,
Vị ấy không nhiệt não.",Kinh Pháp Cú,Phẩm A-la-hán - Bài Kệ 90
"Tự sách tấn, chánh niệm,
Không thích cư xá nào,
Như ngỗng trời rời ao,
Bỏ sau mọi trú ẩn.",Kinh Pháp Cú,Phẩm A-la-hán - Bài Kệ 91
"Tài sản không chất chứa,
Ăn uống biết liễu tri,
Tự tại trong hành xứ,
""Không vô tướng, giải thoát,""
Như chim giữa hư không,
Hướng chúng đi khó tìm.",Kinh Pháp Cú,Phẩm A-la-hán - Bài Kệ 92
"Ai lậu hoặc đoạn sạch,
Ăn uống không tham đắm,
Tự tại trong hành xứ,
""Không, vô tướng giải thoát.""
Như chim giữa hư không,
Dấu chân thật khó tìm.",Kinh Pháp Cú,Phẩm A-la-hán - Bài Kệ 93
"Ai nhiếp phục các căn,
Như đánh xe điều ngự,
Mạn trừ, lậu hoặc dứt,
Người vậy, Chư Thiên mến.",Kinh Pháp Cú,Phẩm A-la-hán - Bài Kệ 94
"Như đất, không hiềm hận,
Như cột trụ, kiên trì,
Như hồ, không bùn nhơ,
Không luân hồi, vị ấy.",Kinh Pháp Cú,Phẩm A-la-hán - Bài Kệ 95
"Người tâm ý an tịnh,
Lời an, nghiệp cũng an,
Chánh trí, chơn giải thoát,
Tịnh lạc là vị ấy.",Kinh Pháp Cú,Phẩm A-la-hán - Bài Kệ 96
"Không tin, hiểu vô vi.
Người cắt mọi hệ lụy
Cơ hội tận, xả ly
Vị ấy thật tối thượng.",Kinh Pháp Cú,Phẩm A-la-hán - Bài Kệ 97
"Làng mạc hay rừng núi
Thung lũng hay đồi cao,
La Hán trú chỗ nào,
Đất ấy thật khả ái.",Kinh Pháp Cú,Phẩm A-la-hán - Bài Kệ 98
"Khả ái thay núi rừng,
Chỗ người phàm không ưa,
Vị ly tham ưa thích,
Vì không tìm dục lạc.",Kinh Pháp Cú,Phẩm A-la-hán - Bài Kệ 99
"Dầu nói ngàn ngàn lời,
Nhưng không gì lợi ích,
Tốt hơn một câu nghĩa,
Nghe xong, được tịnh lạc.",Kinh Pháp Cú,Phẩm Một Ngàn - Bài Kệ 100
"Dầu nói ngàn câu kệ
Nhưng không gì lợi ích,
Tốt hơn nói một câu,
Nghe xong, được tịnh lạc.",Kinh Pháp Cú,Phẩm Một Ngàn - Bài Kệ 101
"Dầu nói trăm câu kệ
Nhưng không gì lợi ích,
Tốt hơn một câu pháp,
Nghe xong, được tịnh lạc.",Kinh Pháp Cú,Phẩm Một Ngàn - Bài Kệ 102
"Dầu tại bãi chiến trường
Thắng ngàn ngàn quân địch,
Tự thắng mình tốt hơn,
Thật chiến thắng tối thượng.",Kinh Pháp Cú,Phẩm Một Ngàn - Bài Kệ 103
"Tự thắng, tốt đẹp hơn,
Hơn chiến thắng người khác.
Người khéo điều phục mình,
Thường sống tự chế ngự.",Kinh Pháp Cú,Phẩm Một Ngàn - Bài Kệ 104
"Dầu Thiên Thần, Thát Bà,
Dầu Ma vương, Phạm Thiên
Không ai chiến thắng nổi,
Người tự thắng như vậy.",Kinh Pháp Cú,Phẩm Một Ngàn - Bài Kệ 105
"Tháng tháng bỏ ngàn vàng,
Tế tự cả trăm năm,
Chẳng bằng trong giây lát,
Cúng dường bậc tự tu.
Cúng dường vậy tốt hơn,
Hơn trăm năm tế tự.",Kinh Pháp Cú,Phẩm Một Ngàn - Bài Kệ 106
"Dầu trải một trăm năm,
Thờ lửa tại rừng sâu,
Chẳng bằng trong giây lát,
Cúng dường bậc tự tu.
Cúng dường vậy tốt hơn,
Hơn trăm năm tế tự.",Kinh Pháp Cú,Phẩm Một Ngàn - Bài Kệ 107
"Suốt năm cúng tế vật,
Để cầu phước ở đời.
Không bằng một phần tư
Kính lễ bậc chánh trực.",Kinh Pháp Cú,Phẩm Một Ngàn - Bài Kệ 108
"Thường tôn trọng, kính lễ
Bậc kỳ lão trưởng thượng,
Bốn pháp được tăng trưởng:
Thọ, sắc, lạc, sức mạnh.",Kinh Pháp Cú,Phẩm Một Ngàn - Bài Kệ 109
"Dầu sống một trăm năm
Ác giới, không thiền định,
Tốt hơn sống một ngày,
Trì giới, tu thiền định.",Kinh Pháp Cú,Phẩm Một Ngàn - Bài Kệ 110
"Ai sống một trăm năm,
Ác tuệ, không thiền định.
Tốt hơn sống một ngày,
Có tuệ, tu thiền định.",Kinh Pháp Cú,Phẩm Một Ngàn - Bài Kệ 111
"Ai sống một trăm năm,
Lười nhác không tinh tấn,
Tốt hơn sống một ngày
Tinh tấn tận sức mình.",Kinh Pháp Cú,Phẩm Một Ngàn - Bài Kệ 112
"Ai sống một trăm năm,
Không thấy pháp sinh diệt,
Tốt hơn sống một ngày,
Thấy được pháp sinh diệt.",Kinh Pháp Cú,Phẩm Một Ngàn - Bài Kệ 113
"Ai sống một trăm năm,
Không thấy câu bất tử,
Tốt hơn sống một ngày,
Thấy được câu bất tử.",Kinh Pháp Cú,Phẩm Một Ngàn - Bài Kệ 114
"Ai sống một trăm năm,
Không thấy pháp tối thượng,
Tốt hơn sống một ngày,
Thấy được pháp tối thượng.",Kinh Pháp Cú,Phẩm Một Ngàn - Bài Kệ 115
"Hãy gấp làm điều lành,
Ngăn tâm làm điều ác.
Ai chậm làm việc lành,
Ý ưa thích việc ác.",Kinh Pháp Cú,Phẩm Điều Ác - Bài Kệ 116
"Nếu người làm điều ác,
Chớ tiếp tục làm thêm.
Chớ ước muốn điều ác,
Chứa ác, tất chịu khổ.",Kinh Pháp Cú,Phẩm Điều Ác - Bài Kệ 117
"Nếu người làm điều thiện,
Nên tiếp tục làm thêm.
Hãy ước muốn điều thiện,
Chứa thiện, được an lạc.",Kinh Pháp Cú,Phẩm Điều Ác - Bài Kệ 118
"Người ác thấy là hiền.
Khi ác chưa chín muồi,
Khi ác nghiệp chín muồi,
Người ác mới thấy ác.",Kinh Pháp Cú,Phẩm Điều Ác - Bài Kệ 119
"Người hiền thấy là ác,
Khi thiện chưa chín muồi.
Khi thiện được chín muồi,
Người hiền thấy là thiện.",Kinh Pháp Cú,Phẩm Điều Ác - Bài Kệ 120
"Chớ chê khinh điều ác,
Cho rằng ""chưa đến mình"",
Như nước nhỏ từng giọt,
Rồi bình cũng đầy tràn.
Người ngu chứa đầy ác
Do chất chứa dần dần.",Kinh Pháp Cú,Phẩm Điều Ác - Bài Kệ 121
"Chớ chê khinh điều thiện
Cho rằng ""Chưa đến mình,""
Như nước nhỏ từng giọt,
Rồi bình cũng đầy tràn.
Người trí chứa đầy thiện,
Do chất chứa dần dần.",Kinh Pháp Cú,Phẩm Điều Ác - Bài Kệ 122
"Ít bạn đường, nhiều tiền,
Người buôn tránh đường hiểm.
Muốn sống, tránh thuốc độc,
Hãy tránh ác như vậy.",Kinh Pháp Cú,Phẩm Điều Ác - Bài Kệ 123
"Bàn tay không thương tích,
Có thể cầm thuốc độc.
Không thương tích, tránh độc,
Không làm, không có ác.",Kinh Pháp Cú,Phẩm Điều Ác - Bài Kệ 124
"Hại người không ác tâm,
Người thanh tịnh, không uế,
Tội ác đến kẻ ngu,
Như ngược gió tung bụi.",Kinh Pháp Cú,Phẩm Điều Ác - Bài Kệ 125
"Một số sinh bào thai,
Kẻ ác sinh địa ngục,
Người thiện lên cõi trời,
Vô lậu chứng Niết Bàn.",Kinh Pháp Cú,Phẩm Điều Ác - Bài Kệ 126
"Không trên trời, giữa biển,
Không lánh vào động núi,
Không chỗ nào trên đời,
Trốn được quả ác nghiệp.",Kinh Pháp Cú,Phẩm Điều Ác - Bài Kệ 127
"Không trên trời, giữa biển,
Không lánh vào động núi,
Không chỗ nào trên đời,
Trốn khỏi tay thần chết.",Kinh Pháp Cú,Phẩm Điều Ác - Bài Kệ 128
"Mọi người sợ hình phạt,
Mọi người sợ tử vong.
Lấy mình làm ví dụ
Không giết, không bảo giết.",Kinh Pháp Cú,Phẩm Hình Phạt - Bài Kệ 129
"Mọi người sợ hình phạt,
Mọi người thích sống còn;
Lấy mình làm ví dụ,
Không giết, không bảo giết.",Kinh Pháp Cú,Phẩm Hình Phạt - Bài Kệ 130
"Chúng sanh cầu an lạc,
Ai dùng trượng hại người,
Để tìm lạc cho mình,
Đời sau không được lạc.",Kinh Pháp Cú,Phẩm Hình Phạt - Bài Kệ 131
"Chúng sanh cầu an lạc,
Không dùng trượng hại người,
Để tìm lạc cho mình,
Đời sau được hưởng lạc.",Kinh Pháp Cú,Phẩm Hình Phạt - Bài Kệ 132
"Chớ nói lời ác độc,
Nói ác, bị nói lại,
Khổ thay lời phẩn nộ,
Đao trượng phản chạm mình.",Kinh Pháp Cú,Phẩm Hình Phạt - Bài Kệ 133
"Nếu tự mình yên lặng,
Như chiếc chuông bị bể.
Ngươi đã chứng Niết Bàn
Ngươi không còn phẩn nộ.",Kinh Pháp Cú,Phẩm Hình Phạt - Bài Kệ 134
"Với gậy người chăn bò,
Lùa bò ra bãi cỏ;
Cũng vậy, già và chết,
Lùa người đến mạng chung.",Kinh Pháp Cú,Phẩm Hình Phạt - Bài Kệ 135
"Người ngu làm điều ác,
Không ý thức việc làm.
Do tự nghiệp, người ngu
Bị nung nấu, như lửa.",Kinh Pháp Cú,Phẩm Hình Phạt - Bài Kệ 136
"Dùng trượng phạt không trượng,
Làm ác người không ác.
Trong mười loại khổ đau,
Chịu gấp một loại khổ.",Kinh Pháp Cú,Phẩm Hình Phạt - Bài Kệ 137
"Hoặc khổ thọ khốc liệt,
Thân thể bị thương vong,
Hoặc thọ bệnh kịch liệt,
Hay loạn ý tán tâm.",Kinh Pháp Cú,Phẩm Hình Phạt - Bài Kệ 138
"Hoặc tai họa từ vua,
Hay bị vu trọng tội;
Bà con phải ly tán,
Tài sản bị nát tan.",Kinh Pháp Cú,Phẩm Hình Phạt - Bài Kệ 139
"Hoặc phòng ốc nhà cửa
Bị hỏa tai thiêu đốt.
Khi thân hoại mạng chung,
Ác tuệ sanh địa ngục.",Kinh Pháp Cú,Phẩm Hình Phạt - Bài Kệ 140
"Không phải sống lõa thể
Bện tóc, tro trét mình,
Tuyệt thực, lăn trên đất,
Sống nhớp, siêng ngồi xổm,
Làm con người được sạch,
Nếu không trừ nghi hoặc.",Kinh Pháp Cú,Phẩm Hình Phạt - Bài Kệ 141
"Ai sống tự trang sức,
Nhưng an tịnh, nhiếp phục,
Sống kiên trì, phạm hạnh,
Không hại mọi sinh linh,
Vị ấy là phạm chí,
Hay sa môn, khất sĩ.",Kinh Pháp Cú,Phẩm Hình Phạt - Bài Kệ 142
"Thật khó tìm ở đời,
Người biết thẹn, tự chế,
Biết tránh né chỉ trích
Như ngựa hiền tránh roi.",Kinh Pháp Cú,Phẩm Hình Phạt - Bài Kệ 143
"Như ngựa hiền chạm roi,
Hãy nhiệt tâm, hăng hái,
Với tín, giới, tinh tấn,
Thiền định cùng trạch pháp.
Minh hạnh đủ, chánh niệm,
Đoạn khổ này vô lượng.",Kinh Pháp Cú,Phẩm Hình Phạt - Bài Kệ 144
"Người trị thủy dẫn nước,
Kẻ làm tên nắn tên,
Người thợ mộc uốn ván,
Bậc tự điều, điều thân.",Kinh Pháp Cú,Phẩm Hình Phạt - Bài Kệ 145
"Cười gì, hân hoan gì,
Khi đời mãi bị thiêu?
Bị tối tăm bao trùm,
Sao không tìm ngọn đèn?",Kinh Pháp Cú,Phẩm Sự Già - Bài Kệ 146
"Hãy xem bong bóng đẹp,
Chỗ chất chứa vết thương,
Bệnh hoạn nhiều suy tư,
Thật không gì trường cửu.",Kinh Pháp Cú,Phẩm Sự Già - Bài Kệ 147
"Sắc này bị suy già,
Ổ tật bệnh, mỏng manh,
Nhóm bất tịnh, đỗ vỡ,
Chết chấm dứt mạng sống.",Kinh Pháp Cú,Phẩm Sự Già - Bài Kệ 148
"Như trái bầu mùa thu,
Bị vất bỏ quăng đi,
Nhóm xương trắng bồ câu,
Thấy chúng còn vui gì?",Kinh Pháp Cú,Phẩm Sự Già - Bài Kệ 149
"Thành này làm bằng xương,
Quét tô bằng thịt máu,
Ở đây già và chết,
Mạn, lừa đảo chất chứa.",Kinh Pháp Cú,Phẩm Sự Già - Bài Kệ 150
"Xe vua đẹp cũng già.
Thân này rồi sẽ già,
Pháp bậc thiện, không già.
Như vậy bậc chí thiện
Nói lên cho bậc thiện.",Kinh Pháp Cú,Phẩm Sự Già - Bài Kệ 151
"Người ít nghe kém học,
Lớn già như trâu đực.
Thịt nó tuy lớn lên,
Nhưng tuệ không tăng trưởng.",Kinh Pháp Cú,Phẩm Sự Già - Bài Kệ 152
"Lang thang bao kiếp sống
Ta tìm nhưng chẳng gặp,
Người xây dựng nhà này,
Khổ thay, phải tái sanh.",Kinh Pháp Cú,Phẩm Sự Già - Bài Kệ 153
"Ôi! Người làm nhà kia
Nay ta đã thấy ngươi!
Ngươi không làm nhà nữa.
Đòn tay ngươi bị gẫy,
Kèo cột ngươi bị tan
Tâm ta đạt tịch diệt,
Tham ái thảy tiêu vong.",Kinh Pháp Cú,Phẩm Sự Già - Bài Kệ 154
"Lúc trẻ, không phạm hạnh,
Không tìm kiếm bạc tiền.
Như cò già bên ao,
Ủ rũ, không tôm cá.",Kinh Pháp Cú,Phẩm Sự Già - Bài Kệ 155
"Lúc trẻ không phạm hạnh,
Không tìm kiếm bạc tiền;
Như cây cung bị gẫy,
Thở than những ngày qua.",Kinh Pháp Cú,Phẩm Sự Già - Bài Kệ 156
"Nếu biết yêu tự ngã,
Phải khéo bảo vệ mình,
Người trí trong ba canh,
Phải luôn luôn tỉnh thức.",Kinh Pháp Cú,Phẩm Tự Ngã - Bài Kệ 157
"Trước hết tự đặt mình,
Vào những gì thích đáng.
Sau mới giáo hóa người,
Người trí khỏi bị nhiễm.",Kinh Pháp Cú,Phẩm Tự Ngã - Bài Kệ 158
"Hãy tự làm cho mình,
Như điều mình dạy người.
Khéo tự điều, điều người,
Khó thay, tự điều phục!",Kinh Pháp Cú,Phẩm Tự Ngã - Bài Kệ 159
"Tự mình y chỉ mình,
Nào có y chỉ khác.
Nhờ khéo điều phục mình,
Được y chỉ khó được.",Kinh Pháp Cú,Phẩm Tự Ngã - Bài Kệ 160
"Điều ác tự mình làm,
Tự mình sanh, mình tạo.
Nghiền nát kẻ ngu si,
Như kim cương, ngọc báu.",Kinh Pháp Cú,Phẩm Tự Ngã - Bài Kệ 161
"Phá giới quá trầm trọng,
Như dây leo bám cây
Gieo hại cho tự thân,
Như kẻ thù mong ước.",Kinh Pháp Cú,Phẩm Tự Ngã - Bài Kệ 162
"Dễ làm các điều ác,
Dễ làm tự hại mình.
Còn việc lành, việc tốt,
Thật tối thượng khó làm.",Kinh Pháp Cú,Phẩm Tự Ngã - Bài Kệ 163
"Kẻ ngu si miệt thị,
Giáo pháp bậc La Hán,
Bậc Thánh, bậc chánh mạng.
Chính do ác kiến này,
Như quả loại cây lau
Mang quả tự hoại diệt.",Kinh Pháp Cú,Phẩm Tự Ngã - Bài Kệ 164
"Tự mình, làm điều ác,
Tự mình làm nhiễm ô,
Tự mình không làm ác,
Tự mình làm thanh tịnh.
Tịnh, không tịnh tự mình,
Không ai thanh tịnh ai!",Kinh Pháp Cú,Phẩm Tự Ngã - Bài Kệ 165
"Chớ theo pháp hạ liệt.
Chớ sống mặc, buông lung;
Chớ tin theo tà kiến,
Chớ tăng trưởng tục trần.",Kinh Pháp Cú,Phẩm Tự Ngã - Bài Kệ 166
"Dầu lợi người bao nhiêu,
Chớ quên phần tư lợi,
Nhờ thắng trí tư lợi.
Hãy chuyên tâm lợi mình.",Kinh Pháp Cú,Phẩm Thế Gian - Bài Kệ 167
"Nỗ lực, chớ phóng dật!
Hãy sống theo chánh hạnh;
Người chánh hạnh hưởng lạc,
Cả đời này, đời sau.",Kinh Pháp Cú,Phẩm Thế Gian - Bài Kệ 168
"Hãy khéo sống chánh hạnh,
Chớ sống theo tà hạnh!
Người chánh hạnh hưởng lạc,
Cả đời này, đời sau.",Kinh Pháp Cú,Phẩm Thế Gian - Bài Kệ 169
"Hãy nhìn như bọt nước,
Hãy nhìn như cảnh huyễn!
Quán nhìn đời như vậy,
Thần chết không bắt gặt.",Kinh Pháp Cú,Phẩm Thế Gian - Bài Kệ 170
"Hãy đến nhìn đời này,
Như xe vua lộng lẫy,
Người ngu mới tham đắm,
Kẻ trí nào đắm say.",Kinh Pháp Cú,Phẩm Thế Gian - Bài Kệ 171
"Ai sống trước buông lung,
Sau sống không phóng dật,
Chói sáng rực đời này.
Như trăng thoát mây che.",Kinh Pháp Cú,Phẩm Thế Gian - Bài Kệ 172
"Ai dùng các hạnh lành,
Làm xóa mờ nghiệp ác,
Chói sáng rực đời này,
Như trăng thoát mây che.",Kinh Pháp Cú,Phẩm Thế Gian - Bài Kệ 173
"Đời này thật mù quáng,
Ít kẻ thấy rõ ràng.
Như chim thoát khỏi lưới,
Rất ít đi thiên giới.",Kinh Pháp Cú,Phẩm Thế Gian - Bài Kệ 174
"Như chim thiên nga bay,
Thần thông liệng giữa trời;
Chiến thắng ma, ma quân,
Kẻ trí thoát đời này.",Kinh Pháp Cú,Phẩm Thế Gian - Bài Kệ 175
"Ai vi phạm một pháp,
Ai nói lời vọng ngữ,
Ai bác bỏ đời sau,
Không ác nào không làm.",Kinh Pháp Cú,Phẩm Thế Gian - Bài Kệ 176
"Keo kiết không sanh thiên,
Kẻ ngu ghét bố thí,
Người trí thích bố thí,
Đời sau, được hưởng lạc.",Kinh Pháp Cú,Phẩm Thế Gian - Bài Kệ 177
"Hơn thống lãnh cõi đất,
Hơn được sanh cõi trời,
Hơn chủ trì vũ trụ,
Quả Dự Lưu tối thắng.",Kinh Pháp Cú,Phẩm Thế Gian - Bài Kệ 178
"Vị chiến thắng không bại,
Vị bước đi trên đời,
Không dấu tích chiến thắng,
Phật giới rộng mênh mông,
Ai dùng chân theo dõi
Bậc không để dấu tích?",Kinh Pháp Cú,Phẩm Đức Phật - Bài Kệ 179
"Ai giải tỏa lưới tham,
Đưa đến không một nơi
Phật giới rộng mênh mông,
Ai dùng chân theo dõi
Bậc không để dấu tích?",Kinh Pháp Cú,Phẩm Đức Phật - Bài Kệ 180
"Người trí chuyên thiền định,
Ưa thích Pháp viễn ly,
Chánh niệm, chánh trí giác,
Chư Thiên cũng ưa thích.",Kinh Pháp Cú,Phẩm Đức Phật - Bài Kệ 181
"Khó thay, được làm người,
Khó thay, được sống còn!
Khó thay, nghe diệu pháp!
Khó thay, Phật ra đời!",Kinh Pháp Cú,Phẩm Đức Phật - Bài Kệ 182
"Không làm mọi điều ác.
Thành tựu các hạnh lành,
Tâm ý giữ trong sạch,
Chư Phật dạy như vậy.",Kinh Pháp Cú,Phẩm Đức Phật - Bài Kệ 183
"Chư Phật thường giảng dạy;
Nhẫn, khổ hạnh tối thượng;
Niết bàn quả tối thượng;
Xuất gia không phá người;
Sa môn không hại người.",Kinh Pháp Cú,Phẩm Đức Phật - Bài Kệ 184
"Không phỉ báng, phá hoại,
Hộ trì giới căn bản,
Ăn uống có tiết độ,
Nằm ngồi chỗ nhàn tịnh,
Siêng năng tu tăng thượng,
Chư Phật dạy như vậy.",Kinh Pháp Cú,Phẩm Đức Phật - Bài Kệ 185
"Dầu mưa bằng tiền vàng,
Vẫn không thỏa các dục.
Dục vị ngọt, đau khổ,
Biết vậy là bậc trí.",Kinh Pháp Cú,Phẩm Đức Phật - Bài Kệ 186
"Đệ tử bậc chánh giác,
Không tìm cầu dục lạc,
Dầu là dục chư thiên,
Chỉ ưa thích ái diệt.",Kinh Pháp Cú,Phẩm Đức Phật - Bài Kệ 187
"Loài người sợ hoảng hốt,
Tìm nhiều chỗ quy y,
Hoặc rừng rậm, núi non,
Hoặc thánh tự, thần miếu.",Kinh Pháp Cú,Phẩm Đức Phật - Bài Kệ 188
"Quy y ấy không ổn,
Quy y ấy chẳng thượng,
Quy y chỗ như vậy,
Không thoát mọi khổ đau.",Kinh Pháp Cú,Phẩm Đức Phật - Bài Kệ 189
"Ai quy y Đức Phật,
Quy y Pháp và Tăng,
Với chánh trí, thấy rõ
Bốn loại Thánh Đế lý:",Kinh Pháp Cú,Phẩm Đức Phật - Bài Kệ 190
"Thấy khổ và khổ tập,
Thấy khổ được vượt qua,
Con đường Tám Thánh Chi,
Đưa đến khổ an tịnh.",Kinh Pháp Cú,Phẩm Đức Phật - Bài Kệ 191
"Thật quy y an ổn,
Quy y ấy tối thượng,
Quy y chỗ như vậy,
Thoát mọi khổ ách não.",Kinh Pháp Cú,Phẩm Đức Phật - Bài Kệ 192
"Khó gặp bậc thánh nhơn,
Không phải nơi đâu cũng có.
Nơi nào bậc trí sinh,
Tông tộc được an lạc.",Kinh Pháp Cú,Phẩm Đức Phật - Bài Kệ 193
"Vui thay, Phật ra đời!
Vui thay, pháp được giảng!
Vui thay, chúng hòa hợp!
Vui thay, chúng tu hòa!",Kinh Pháp Cú,Phẩm Đức Phật - Bài Kệ 194
"Cúng dường bậc đáng cúng,
Cho dù Phật, đệ tử,
Những vị vượt hý luận,
Đoạn sầu, não, khóc than.",Kinh Pháp Cú,Phẩm Đức Phật - Bài Kệ 195
"Cúng dường bậc như vậy,
Tịch tịnh, không sợ hãi,
Phước đức không ai lường,
Được số lượng bao nhiêu.",Kinh Pháp Cú,Phẩm Đức Phật - Bài Kệ 196
"Vui thay, chúng ta sống,
Không hận, giữa hận thù!
Giữa những người thù hận,
Ta sống, không hận thù!",Kinh Pháp Cú,Phẩm An Lạc - Bài Kệ 197
"Vui thay, chúng ta sống,
Không bệnh giữa ốm đau!
Giữa những người bệnh hoạn,
Ta sống, không ốm đau.",Kinh Pháp Cú,Phẩm An Lạc - Bài Kệ 198
"Vui thay, chúng ta sống,
Không rộn giữa rộn ràng;
Giữa những người rộn ràng,
Ta sống, không rộn ràng.",Kinh Pháp Cú,Phẩm An Lạc - Bài Kệ 199
"Vui thay chúng ta sống,
Không gì, gọi của ta.
Ta sẻ hưởng hỷ lạc,
Như chư thiên Quang Âm.",Kinh Pháp Cú,Phẩm An Lạc - Bài Kệ 200
"Chiến thắng sinh thù oán,
Thất bại chịu khổ đau,
Sống tịch tịnh an lạc.
Bỏ sau mọi thắng bại.",Kinh Pháp Cú,Phẩm An Lạc - Bài Kệ 201
"Lửa nào sánh lửa tham?
Ác nào bằng sân hận?
Khổ nào sánh khổ uẩn,
Lạc nào bằng tịnh lạc.",Kinh Pháp Cú,Phẩm An Lạc - Bài Kệ 202
"Đói ăn, bệnh tối thượng,
Các hành, khổ tối thượng,
Hiểu như thực là vậy,
Niết bàn, lạc tối thượng.",Kinh Pháp Cú,Phẩm An Lạc - Bài Kệ 203
"Không bệnh, lợi tối thượng,
Biết đủ, tiền tối thượng.
Thành tín đối với nhau,
Là bà con tối thượng,
Niết bàn, lạc tối thượng.",Kinh Pháp Cú,Phẩm An Lạc - Bài Kệ 204
"Đã nếm vị độc cư,
Được hưởng vị nhàn tịnh,
Không sợ hãi, không ác,
Nếm được vị pháp hỷ.",Kinh Pháp Cú,Phẩm An Lạc - Bài Kệ 205
"Lành thay, thấy thánh nhân,
Sống chung thường hưởng lạc.
Không thấy những người ngu,
Thường thường được an lạc.",Kinh Pháp Cú,Phẩm An Lạc - Bài Kệ 206
"Sống chung với người ngu,
Lâu dài bị lo buồn.
Khổ thay gần người ngu,
Như thường sống kẻ thù.
Vui thay, gần người trí,
Như chung sống bà con.",Kinh Pháp Cú,Phẩm An Lạc - Bài Kệ 207
"Do vậy:
Bậc hiền sĩ, trí tuệ
Bậc nghe nhiều, trì giới,
Bậc tự chế, Thánh nhân;
Hãy gần gũi, thân cận
Thiện nhân, trí giả ấy,
Như trăng theo đường sao.",Kinh Pháp Cú,Phẩm An Lạc - Bài Kệ 208
"Tự chuyên, không đáng chuyên
Không chuyên, việc đáng chuyên.
Sa vào chỗ cần thương,
Xả ly các mục đích,
Ghen người tự tinh tấn.",Kinh Pháp Cú,Phẩm Hỷ Ái - Bài Kệ 209
"Chớ gần gũi người yêu,
Cũng đừng gần không yêu,
Khổ thay, không thấy yêu,
Khổ thay, thấy không yêu.",Kinh Pháp Cú,Phẩm Hỷ Ái - Bài Kệ 210
"Do vậy chớ yêu ai,
Ly ái, thật khó khăn.
Không ai là thương yêu,
Không ai là không yêu,
Người ấy không gông cùm.",Kinh Pháp Cú,Phẩm Hỷ Ái - Bài Kệ 211
"Do ái sinh sầu ưu,
Do ái sinh sợ hãi;
Ai giải thoát khỏi ái,
Không sầu, đâu sợ hãi?",Kinh Pháp Cú,Phẩm Hỷ Ái - Bài Kệ 212
"Ái luyến sinh sầu ưu,
Ái luyến sinh sợ hãi.
Ai thoát khỏi ái luyến,
Không sầu, đâu sợ hãi?",Kinh Pháp Cú,Phẩm Hỷ Ái - Bài Kệ 213
"Hỷ ái sinh sầu ưu,
Hỷ ái sinh sợ hãi.
Ai thoát khỏi hỷ ái,
Không sầu, đâu sợ hãi?",Kinh Pháp Cú,Phẩm Hỷ Ái - Bài Kệ 214
"Dục ái sinh sầu ưu,
Dục ái sinh sợ hãi.
Ai thoát khỏi dục ái,
Không sầu, đâu sợ hãi?",Kinh Pháp Cú,Phẩm Hỷ Ái - Bài Kệ 215
"Tham ái sinh sầu ưu,
Tham ái sinh sợ hãi.
Ai thoát khỏi tham ái,
Không sầu, đâu sợ hãi?",Kinh Pháp Cú,Phẩm Hỷ Ái - Bài Kệ 216
"Đủ giới đức, chánh kiến;
Chánh trú, thấy Thánh đế,
Tự hoàn thành trách nhiệm.
Quần chúng mến người ấy.",Kinh Pháp Cú,Phẩm Hỷ Ái - Bài Kệ 217
"Ước vọng pháp ly ngôn
Tâm chứa chan hỷ lạc
Tâm không trói vào dục,
Gọi là Ngược Dòng Hành.",Kinh Pháp Cú,Phẩm Hỷ Ái - Bài Kệ 218
"Khách lâu ngày ly hương,
Từ xứ xa trở về,
Bà con cùng bạn hữu,
Mừng đón người trở về.",Kinh Pháp Cú,Phẩm Hỷ Ái - Bài Kệ 219
"Cũng vậy các phước nghiệp,
Từ đời này qua đời,
Ðón mừng người làm phước,
Như bà con trở về.",Kinh Pháp Cú,Phẩm Hỷ Ái - Bài Kệ 220
"Bỏ phẫn nộ, ly mạn,
Vượt qua mọi kiết sử,
Không chấp trước danh sắc.
Khổ không theo vô sản.",Kinh Pháp Cú,Phẩm Phẫn Nộ - Bài Kệ 221
"Ai chận được phẫn nộ,
Như dừng xe đang lăn,
Ta gọi người đánh xe,
Kẻ khác chỉ cầm cương.",Kinh Pháp Cú,Phẩm Phẫn Nộ - Bài Kệ 222
"Lấy không giận thắng giận,
Lấy thiện thắng không thiện,
Lấy thí thắng xan tham,
Lấy chơn thắng nói dối.",Kinh Pháp Cú,Phẩm Phẫn Nộ - Bài Kệ 223
"Nói thật, không phẫn nộ,
Bố thí, dầu của ít.
Với ba pháp như vậy,
Sống chung cùng Chư Thiên.",Kinh Pháp Cú,Phẩm Phẫn Nộ - Bài Kệ 224
"Bậc hiền không hại ai,
Thân hành thường chế ngự,
Đạt được cảnh bất tử,
Chỗ đến không sầu khổ.",Kinh Pháp Cú,Phẩm Phẫn Nộ - Bài Kệ 225
"Những người thường giác tỉnh,
Ngày đêm tu tập học,
Thường ước mong Niết Bàn,
Lậu hoặc được đoạn trừ.",Kinh Pháp Cú,Phẩm Phẫn Nộ - Bài Kệ 226
"A-tu-la, nên biết,
Sự thật từ ngàn xưa,
Chứ không phải mới nay:
Người im lặng bị chê,
Người nói nhiều bị chê,
Người nói vừa bị chê,
Không ai chẳng bị chê.",Kinh Pháp Cú,Phẩm Phẫn Nộ - Bài Kệ 227
"Xưa, vị lai, và nay,
Không có ai như vầy:
Hoàn toàn bị chỉ trích,
Hoàn toàn được tán thán.",Kinh Pháp Cú,Phẩm Phẫn Nộ - Bài Kệ 228
"Sáng sáng, thẩm xét kỹ.
Người thông thái tán dương,
Người hạnh không nhiễm ô,
Hội đủ trí và giới.",Kinh Pháp Cú,Phẩm Phẫn Nộ - Bài Kệ 229
"Hạnh sáng như vàng ròng,
Người ngọc quý thiên sanh,
Ai có thể chỉ trích?
Chư thiên cũng tán dương;
Phạm thiên cũng tán dương.",Kinh Pháp Cú,Phẩm Phẫn Nộ - Bài Kệ 230
"Giữ thân đừng phẩn nộ,
Khéo hộ trì thân hành,
Bỏ thân hành không thiện,
Thân hành thiện, hãy hành.",Kinh Pháp Cú,Phẩm Phẫn Nộ - Bài Kệ 231
"Giữ lời đừng phẩn nộ,
Khéo hộ trì ngữ hành,
Bỏ ngữ hành không thiện,
Ngữ hành thiện, hãy hành.",Kinh Pháp Cú,Phẩm Phẫn Nộ - Bài Kệ 232
"Giữ ý đừng phẩn nộ,
Khéo hộ trì ý hành,
Bỏ ý hành không thiện,
Ý hành thiện, hãy hành.",Kinh Pháp Cú,Phẩm Phẫn Nộ - Bài Kệ 233
"Bậc trí bảo vệ thân,
Bậc trí bảo vệ lời,
Bậc trí bảo vệ ý,
Thật chúng khéo bảo vệ.",Kinh Pháp Cú,Phẩm Phẫn Nộ - Bài Kệ 234
"Ngươi nay giống lá héo,
Người sứ giả tử vương,
Đứng chờ ngươi gần kề;
Nơi xuất phát chưa có,
Thực phẩm dọc đường cho ngươi.",Kinh Pháp Cú,Phẩm Cấu Uế - Bài Kệ 235
"Hãy tự làm hòn đảo,
Siêng năng, sống khôn ngoan.
Trừ uế, không cấu uế
Ngươi sẽ đến Thiên giới,
Cảnh giới của chư Thánh.",Kinh Pháp Cú,Phẩm Cấu Uế - Bài Kệ 236
"Đời ngươi nay sắp tàn,
Ngươi đã gần tử vương.
Không có chỗ nương nay,
Thực phẩm dọc đường cho ngươi.",Kinh Pháp Cú,Phẩm Cấu Uế - Bài Kệ 237
"Hãy tự làm hòn đảo,
Siêng năng, sống khôn ngoan!
Trừ uế, không cấu uế,
Ngươi không còn tái sinh,
Không còn sanh, không già.",Kinh Pháp Cú,Phẩm Cấu Uế - Bài Kệ 238
"Bậc trí theo tuần tự.
Từ thời thời, sát na,
Người thợ bạc luyện bạc,
Làm sạch uế mình ra.",Kinh Pháp Cú,Phẩm Cấu Uế - Bài Kệ 239
"Như sét từ sắt sinh,
Sanh rồi ăn mòn sắt,
Cũng vậy phá giới hạnh
Làm tự nghiệp dẫn mình
Đến cảnh giới khổ đau.",Kinh Pháp Cú,Phẩm Cấu Uế - Bài Kệ 240
"Không tụng làm nhớp kinh,
Không quét làm nhớp nhà,
Dơ bẩn làm nhớp sắc,
Lười biếng làm nhớp người.",Kinh Pháp Cú,Phẩm Cấu Uế - Bài Kệ 241
"Tà hạnh nhơ đàn bà,
Xan tham nhơ thí chủ.
Tà pháp là uế nhơ,
Ở đời này và đời sau.",Kinh Pháp Cú,Phẩm Cấu Uế - Bài Kệ 242
"Trong hàng cầu uế ấy,
Vô minh nhơ tối thượng.
Hỡi Tỷ kheo, trừ nhơ,
Sống không nhơ, không uế!",Kinh Pháp Cú,Phẩm Cấu Uế - Bài Kệ 243
"Dễ thay, sống không hổ
Trơ trẽn như con quạ,
Nói phá, khen khoác mình,
Giả hình, táo tợn kia.",Kinh Pháp Cú,Phẩm Cấu Uế - Bài Kệ 244
"Khó thay, sống xấu hổ,
Luôn luôn tầm thanh tịnh,
Vô tư, chánh mạng sống,
Liêm khiết, sáng suốt tư.",Kinh Pháp Cú,Phẩm Cấu Uế - Bài Kệ 245
"Ai ở đời sát sinh,
Nói láo điêu ngôn ngữ,
Lấy của không cho tại đời,
Xâm phạm vợ người khác,",Kinh Pháp Cú,Phẩm Cấu Uế - Bài Kệ 246
"Uống rượu men, rượu nấu,
Người đàn ông như vậy,
Ngay tại đời hiện tại,
Đào bới gốc rễ mình.",Kinh Pháp Cú,Phẩm Cấu Uế - Bài Kệ 247
"Vậy người, hãy nên biết,
Tà pháp, khó chế ngự.
Chớ để tham và tà
Khiến ngươi lâu đau khổ!",Kinh Pháp Cú,Phẩm Cấu Uế - Bài Kệ 248
"Do tín tâm, hỷ tâm
Loài người thí bố thí.
Tại đó tâm bất mãn,
Thức ăn và nước uống,
Ngày đêm, người ấy không
Đạt được tâm thiền định.",Kinh Pháp Cú,Phẩm Cấu Uế - Bài Kệ 249
"Ai cắt được, phá được
Trừ diệt tâm như vậy.
Ngày đêm, người ấy được
Đạt được tâm thiền định.",Kinh Pháp Cú,Phẩm Cấu Uế - Bài Kệ 250
"Lửa nào bằng lửa tham!
Ác nào bằng sân hận?
Khổ nào bằng ngũ uẩn,
Lạc nào bằng tịnh lạc.",Kinh Pháp Cú,Phẩm Cấu Uế - Bài Kệ 251
"Dễ thay thấy lỗi người,
Thật khó thấy lỗi mình.
Lỗi người dễ soi xét,
Như sàng trấu rơm rác.
Còn lỗi mình che đậy,
Như bài bạc giấu thua.",Kinh Pháp Cú,Phẩm Cấu Uế - Bài Kệ 252
"Ai thấy lỗi của người,
Dễ sanh lòng phẫn nộ,
Lậu hoặc người ấy tăng,
Xa rời lậu hoặc diệt.",Kinh Pháp Cú,Phẩm Cấu Uế - Bài Kệ 253
"Hư không, không dấu chân,
Ngoại đạo không Sa môn.
Thế nhân ưa hý luận,
Như Lai không hý luận.",Kinh Pháp Cú,Phẩm Cấu Uế - Bài Kệ 254
"Hư không, không dấu chân,
Ngoại đạo không Sa môn.
Các hành không thường hằng,
Chư Phật không dao động.",Kinh Pháp Cú,Phẩm Cấu Uế - Bài Kệ 255
"Ngươi đâu phải pháp trụ,
Nếu đoán định vội vàng!
Người trí nên suy tư
Chơn và phi chơn pháp.",Kinh Pháp Cú,Phẩm Chánh Hạnh - Bài Kệ 256
"Không chuyên chế, đúng pháp,
Nhân hậu đối tất cả,
Bậc trí, người như vậy,
Giảng dạy, hộ trì Pháp,
Gọi là người trì Pháp.",Kinh Pháp Cú,Phẩm Chánh Hạnh - Bài Kệ 257
"Không phải vì nói nhiều,
Nên là người có trí,
Kẻ nào an ổn, lạc,
Không hận, không sợ hãi,
Kẻ ấy gọi có trí.",Kinh Pháp Cú,Phẩm Chánh Hạnh - Bài Kệ 258
"Không phải vì nói nhiều,
Nên là người trì Pháp;
Người nghe được ít Pháp,
Nhưng thân chứng Pháp được,
Không phóng dật Chánh pháp,
Thật là người trì Pháp.",Kinh Pháp Cú,Phẩm Chánh Hạnh - Bài Kệ 259
"Không phải là trưởng lão,
Vì đầu tóc đã bạc,
Trưởng niên chỉ tuổi tác,
Gọi là già vô ích.",Kinh Pháp Cú,Phẩm Chánh Hạnh - Bài Kệ 260
"Ai chân thật, đúng pháp,
Không hại, tự chế ngự,
Thánh nhân trừ phiền não,
Được gọi bậc trưởng lão.",Kinh Pháp Cú,Phẩm Chánh Hạnh - Bài Kệ 261
"Không phải nói lưu loát,
Hoặc dung ngan xinh đẹp,
Có thể làm trang nghiêm,
Nếu ganh tỵ, xan tham.",Kinh Pháp Cú,Phẩm Chánh Hạnh - Bài Kệ 262
"Ai cắt được, phá được
Cật trừ tâm như vậy,
Có trí, diệt sân hận,
Được gọi là trang nghiêm.",Kinh Pháp Cú,Phẩm Chánh Hạnh - Bài Kệ 263
"Đầu trọc, không Sa môn,
Nếu không giới, vọng ngữ;
Ái dục tràn đầy ức,
Làm sao là Sa môn?",Kinh Pháp Cú,Phẩm Chánh Hạnh - Bài Kệ 264
"Ai lắng dịu hoàn toàn,
Các ác lớn, ác nhỏ,
Vì lắng dịu các ác,
Được gọi là Sa môn.",Kinh Pháp Cú,Phẩm Chánh Hạnh - Bài Kệ 265
"Chỉ khất thực nhờ người,
Đâu gọi là Tỷ kheo!
Nếu chấp trì tà pháp,
Không xứng gọi Tỷ kheo.",Kinh Pháp Cú,Phẩm Chánh Hạnh - Bài Kệ 266
"Ai vượt qua thiện ác,
Tu tập phạm hạnh hành,
Sống biết được thế gian,
Được gọi là Tỷ kheo.",Kinh Pháp Cú,Phẩm Chánh Hạnh - Bài Kệ 267
"Im lặng nhưng ngu si,
Không xứng gọi mâu ni.
Bậc trí như cầm cân,
Chọn lấy các hạnh lành.",Kinh Pháp Cú,Phẩm Chánh Hạnh - Bài Kệ 268
"Từ bỏ các ác pháp,
Nên gọi là mâu ni,
Ai thấu suốt hai đời,
Nên gọi là mâu ni.",Kinh Pháp Cú,Phẩm Chánh Hạnh - Bài Kệ 269
"Còn sát hại sinh linh,
Đâu gọi là thánh nhân!
Không hại mọi sinh linh,
Mới gọi là thánh nhân.",Kinh Pháp Cú,Phẩm Chánh Hạnh - Bài Kệ 270
"Chẳng phải chỉ giới cấm
Hay là học rộng nghe,
Hay là tâm thiền định,
Hay sống đời viễn ly,",Kinh Pháp Cú,Phẩm Chánh Hạnh - Bài Kệ 271
"""Ta hưởng an ổn lạc,
Phàm phu không hưởng được.""
Hỡi Tỷ kheo, chớ tin!
Nếu chưa lậu hoặc diệt.",Kinh Pháp Cú,Phẩm Chánh Hạnh - Bài Kệ 272
"Tám chánh, đường thù thắng,
Bốn câu, lý thù thắng,
Ly tham, pháp thù thắng,
Giữa các loài hai chân,
Pháp nhãn, người thù thắng.",Kinh Pháp Cú,Phẩm Đạo Lộ - Bài Kệ 273
"Đường này, không đường khác
Đưa đến kiến thanh tịnh.
Nếu ngươi theo đường này,
Ma quân sẽ mê loạn.",Kinh Pháp Cú,Phẩm Đạo Lộ - Bài Kệ 274
"Nếu ngươi theo đường này,
Đau khổ được đoạn tận.
Ta dạy ngươi con đường.
Với trí, gai chướng diệt.",Kinh Pháp Cú,Phẩm Đạo Lộ - Bài Kệ 275
"Ngươi hãy nhiệt tình làm,
Như Lai chỉ thuyết dạy.
Người hành trì thiền định
Thoát trói buộc ác Ma.",Kinh Pháp Cú,Phẩm Đạo Lộ - Bài Kệ 276
"Tất cả hành vô thường
Với Tuệ, quán thấy vậy
Đau khổ được nhàm chán:
Chính con đường thanh tịnh.",Kinh Pháp Cú,Phẩm Đạo Lộ - Bài Kệ 277
"Tất cả hành khổ đau
Với Tuệ, quán thấy vậy,
Đau khổ được nhàm chán:
Chính con đường thanh tịnh.",Kinh Pháp Cú,Phẩm Đạo Lộ - Bài Kệ 278
"Tất cả pháp vô ngã,
Với Tuệ, quán thấy vậy,
Đau khổ được nhàm chán:
Chính con đường thanh tịnh.",Kinh Pháp Cú,Phẩm Đạo Lộ - Bài Kệ 279
"Khi cần, không nỗ lực,
Tuy trẻ mạnh, nhưng lười
Chí nhu nhược, biếng nhác.
Với trí tuệ thụ động,
Sao tìm được chánh đạo?",Kinh Pháp Cú,Phẩm Đạo Lộ - Bài Kệ 280
"Lời nói được thận trọng,
Tâm tư khéo hộ phòng,
Thân chớ làm điều ác,
Hãy giữ ba nghiệp tịnh,
Chứng đạo thánh nhân dạy.",Kinh Pháp Cú,Phẩm Đạo Lộ - Bài Kệ 281
"Tu Thiền, trí tuệ sanh,
Bỏ Thiền, trí tuệ diệt.
Biết con đường hai ngả
Đưa đến hữu, phi hữu,
Hãy tự mình nỗ lực,
Khiến trí tuệ tăng trưởng.",Kinh Pháp Cú,Phẩm Đạo Lộ - Bài Kệ 282
"Đốn rừng không đốn cây
Từ rừng, sinh sợ hãi;
Đốn rừng và ái dục,
Tỷ kheo, hãy tịch mịch.",Kinh Pháp Cú,Phẩm Đạo Lộ - Bài Kệ 283
"Khi nào chưa cắt tiệt,
Ái dục giữa gái trai,
Tâm ý vẫn buộc ràng,
Như bò con vú mẹ.",Kinh Pháp Cú,Phẩm Đạo Lộ - Bài Kệ 284
"Tự cắt dây ái dục,
Như tay bẻ sen thu,
Hãy tu đạo tịch tịnh,
Niết bàn, Thiện Thệ dạy.",Kinh Pháp Cú,Phẩm Đạo Lộ - Bài Kệ 285
"Mùa mưa ta ở đây
Đông, hạ cũng ở đây,
Người ngu tâm tưởng vậy,
Không tự giác hiểm nguy.",Kinh Pháp Cú,Phẩm Đạo Lộ - Bài Kệ 286
"Người tâm ý đắm say
Con cái và súc vật,
Tử thần bắt người ấy,
Như lụt trôi hàng ngủ.",Kinh Pháp Cú,Phẩm Đạo Lộ - Bài Kệ 287
"Một khi tử thần đến,
Không có con che chở,
Không cha, không bà con,
Không thân thích che chở.",Kinh Pháp Cú,Phẩm Đạo Lộ - Bài Kệ 288
"Biết rõ ý nghĩa này,
Bậc trí lo trì giới,
Mau lẹ làm thanh tịnh,
Con đường đến Niết bàn.",Kinh Pháp Cú,Phẩm Đạo Lộ - Bài Kệ 289
"Nhờ từ bỏ lạc nhỏ,
Thấy được lạc lớn hơn,
Bậc trí bỏ lạc nhỏ,
Thấy được lạc lớn hơn.",Kinh Pháp Cú,Phẩm Linh Tinh - Bài Kệ 290
"Gieo khổ đau cho người,
Mong cầu lạc cho mình,
Bị hận thù buộc ràng
Không sao thoát hận thù.",Kinh Pháp Cú,Phẩm Linh Tinh - Bài Kệ 291
"Việc đáng làm, không làm,
Không đáng làm, lại làm,
Người ngạo mạn, phóng dật,
Lậu hoặc ắt tăng trưởng.",Kinh Pháp Cú,Phẩm Linh Tinh - Bài Kệ 292
"Người siêng năng cần mẫn,
Thường thường quán thân niệm,
Không làm việc không đáng,
Gắng làm việc đáng làm,
Người tư niệm giác tỉnh,
Lậu hoặc được tiêu trừ.",Kinh Pháp Cú,Phẩm Linh Tinh - Bài Kệ 293
"Sau khi giết mẹ cha,
Giết hai Vua Sát lỵ,
Giết vương quốc, quần thần
Vô ưu, Phạm chí sống.",Kinh Pháp Cú,Phẩm Linh Tinh - Bài Kệ 294
"Sau khi giết mẹ cha,
Hai vua Bà-la-môn,
Giết hổ tướng thứ năm
Vô ưu, Phạm chí sống.",Kinh Pháp Cú,Phẩm Linh Tinh - Bài Kệ 295
"Ðệ tử Gotama,
Luôn luôn tự tỉnh giác
Vô luận ngày hay đêm,
Thường tưởng niệm Phật Ðà.",Kinh Pháp Cú,Phẩm Linh Tinh - Bài Kệ 296
"Ðệ tử Gotama,
Luôn luôn tự tỉnh giác,
Vô luận ngày hay đêm,
Thường tưởng niệm Chánh Pháp.",Kinh Pháp Cú,Phẩm Linh Tinh - Bài Kệ 297
"Ðệ tử Gotama,
Luôn luôn tự tỉnh giác,
Vô luận ngày hay đêm,
Thường tưởng niệm Tăng già.",Kinh Pháp Cú,Phẩm Linh Tinh - Bài Kệ 298
"Ðệ tử Gotama,
Luôn luôn tự tỉnh giác,
Vô luận ngày hay đêm,
Thường tưởng niệm sắc thân.",Kinh Pháp Cú,Phẩm Linh Tinh - Bài Kệ 299
"Ðệ tử Gotama,
Luôn luôn tự tỉnh giác,
Vô luận ngày hay đêm,
Ý vui niềm bất hại.",Kinh Pháp Cú,Phẩm Linh Tinh - Bài Kệ 300
"Ðệ tử Gotama,
Luôn luôn tự tỉnh giác,
Vô luận ngày hay đêm,
Ý vui tu thiền quán.",Kinh Pháp Cú,Phẩm Linh Tinh - Bài Kệ 301
"Vui hạnh xuất gia khó,
Tại gia sinh hoạt khó,
Sống bạn không đồng, khổ,
Trôi lăn luân hồi, khổ,
Vậy chớ sống luân hồi,
Chớ chạy theo đau khổ.",Kinh Pháp Cú,Phẩm Linh Tinh - Bài Kệ 302
"Tín tâm, sống giới hạnh
Ðủ danh xưng tài sản,
Chỗ nào người ấy đến,
Chỗ ấy được cung kính.",Kinh Pháp Cú,Phẩm Linh Tinh - Bài Kệ 303
"Người lành dầu ở xa
Sáng tỏ như núi tuyết,
Người ác dầu ở gần
Như tên bắn đêm đen.",Kinh Pháp Cú,Phẩm Linh Tinh - Bài Kệ 304
"Ai ngồi nằm một mình.
Ðộc hành không buồn chán,
Tự điều phục một mình
Sống thoải mái rừng sâu.",Kinh Pháp Cú,Phẩm Linh Tinh - Bài Kệ 305
"Nói láo đọa địa ngục
Có làm nói không làm,
Cả hai chết đồng đẳng,
Làm người, nghiệp hạ liệt.",Kinh Pháp Cú,Phẩm Địa Ngục - Bài Kệ 306
"Nhiều người khoác cà sa,
Ác hạnh không nhiếp phục.
Người ác, do ác hạnh,
Phải sanh cõi Ðịa ngục.",Kinh Pháp Cú,Phẩm Địa Ngục - Bài Kệ 307
"Tốt hơn nuốt hòn sắt
Cháy đỏ như lửa hừng,
Hơn ác giới, buông lung
Ăn đồ ăn quốc độ.",Kinh Pháp Cú,Phẩm Địa Ngục - Bài Kệ 308
"Bốn nạn chờ đợi người,
Phóng dật theo vợ người;
Mắc họa, ngủ không yên,
Bị chê là thứ ba,
Ðọa địa ngục, thứ bốn.",Kinh Pháp Cú,Phẩm Địa Ngục - Bài Kệ 309
"Mắc họa, đọa ác thú,
Bị hoảng sợ, ít vui.
Quốc vương phạt trọng hình.
Vậy chớ theo vợ người.",Kinh Pháp Cú,Phẩm Địa Ngục - Bài Kệ 310
"Như cỏ sa vụng nắm,
Tất bị họa đứt tay
Hạnh Sa môn tà vạy,
Tất bị đọa địa ngục.",Kinh Pháp Cú,Phẩm Địa Ngục - Bài Kệ 311
"Sống phóng đãng buông lung,
Theo giới cấm ô nhiễm,
Sống Phạm hạnh đáng nghi
Sao chứng được quả lớn?",Kinh Pháp Cú,Phẩm Địa Ngục - Bài Kệ 312
"Cần phải làm, nên làm
Làm cùng tận khả năng
Xuất gia sống phóng đãng,
Chỉ tăng loạn bụi đời.",Kinh Pháp Cú,Phẩm Địa Ngục - Bài Kệ 313
"Ác hạnh không nên làm,
Làm xong, chịu khổ lụy,
Thiện hạnh, ắt nên làm,
Làm xong, không ăn năn.",Kinh Pháp Cú,Phẩm Địa Ngục - Bài Kệ 314
"Như thành ở biên thùy,
Trong ngoài điều phòng hộ
Cũng vậy, phòng hộ mình,
Sát na chớ buông lung.
Giây phút qua, sầu muộn.
Khi rơi vào địa ngục.",Kinh Pháp Cú,Phẩm Địa Ngục - Bài Kệ 315
"Không đáng hổ, lại hổ.
Việc đáng hổ, lại không.
Do chấp nhận tà kiến,
Chúng sanh đi ác thú.",Kinh Pháp Cú,Phẩm Địa Ngục - Bài Kệ 316
"Không đáng sợ, lại sợ,
Ðáng sợ, lại thấy không,
Do chấp nhận tà kiến.
Chúng sanh đi ác thú.",Kinh Pháp Cú,Phẩm Địa Ngục - Bài Kệ 317
"Không lỗi, lại thấy lỗi,
Có lỗi, lại thấy không,
Do chấp nhận tà kiến,
Chúng sanh đi ác thú.",Kinh Pháp Cú,Phẩm Địa Ngục - Bài Kệ 318
"Có lỗi, biết có lỗi,
Không lỗi, biết là không,
Do chấp nhận chánh kiến,
Chúng sanh đi cõi lành.",Kinh Pháp Cú,Phẩm Địa Ngục - Bài Kệ 319
"Như voi giữa chiến địa,
Kháng cự mọi cung tên,
Ta chịu đựng hủy báng,
Phá giới biết bao người.",Kinh Pháp Cú,Phẩm Con Voi - Bài Kệ 320
"Kẻ luyện voi dự hội,
Người luyện ngựa dâng vua,
Người điều phục được mình,
Tại gia ấy tối thượng.",Kinh Pháp Cú,Phẩm Con Voi - Bài Kệ 321
"Quý thay Lừa thuần thục,
Quý thay giống Ngựa Sindh.
Quý thay Voi ngà báu,
Tuyệt thay Bậc luyện mình.",Kinh Pháp Cú,Phẩm Con Voi - Bài Kệ 322
"Chẳng phải nhờ Voi, Ngựa,
Ðưa ta đến Niết Bàn,
Chính Bậc tự điều phục,
Ðạt đến bờ thênh thang.",Kinh Pháp Cú,Phẩm Con Voi - Bài Kệ 323
"Voi kia tên Tài Hộ,
Phát dục tiết mùi hăng,
Trói buộc, không chịu ăn,
Nhớ mẹ rừng sâu.",Kinh Pháp Cú,Phẩm Con Voi - Bài Kệ 324
"Người ngu si chậm lụt,
Tham ăn và ưa ngủ,
Nằm lăn như heo béo,
Sanh tử lưu chuyển mãi.",Kinh Pháp Cú,Phẩm Con Voi - Bài Kệ 325
"Trước tâm ta đi loạn,
Thiệt nhiều chốn lăng xăng,
Thích tầm mọi dục lạc,
Tuổi còn trẻ, buông lung.",Kinh Pháp Cú,Phẩm Con Voi - Bài Kệ 326
"Nay ta điều phục tâm,
Như người quản voi tượng,
Kiểm soát voi quậy phá,
Ta sống không phóng dật.",Kinh Pháp Cú,Phẩm Con Voi - Bài Kệ 327
"Hãy ưa thích không phóng dật,
Hãy giữ gìn tâm ý mình!
Tự cứu mình khỏi đường ác,
Như voi sa lầy, tự cứu.",Kinh Pháp Cú,Phẩm Con Voi - Bài Kệ 328
"Nếu gặp bạn trí giả,
Cùng đi, sống nghiêm tịnh,
Nên vui vẻ, tỉnh giác,
Sống chung, phá chướng ngại.",Kinh Pháp Cú,Phẩm Con Voi - Bài Kệ 329
"Nếu không gặp bạn trí,
Cùng đi, sống nghiêm tịnh,
Hãy đi một mình thôi,
Như vua bỏ nước mình,
Như voi sống rừng sâu.",Kinh Pháp Cú,Phẩm Con Voi - Bài Kệ 330
"Tốt hơn sống một mình,
Không làm bạn người ngu.
Hãy sống đời độc cư,
Không làm ác, ít muộn,
Như voi sống rừng sâu.",Kinh Pháp Cú,Phẩm Con Voi - Bài Kệ 331
"Lạc thay, được bạn hữu,
Khi cần hay hoạn nạn,
Lạc thay, được thỏa mãn,
Với đủ mọi ước muốn.
Lạc thay, công đức lớn,
Khi mạng sắp chung cuộc,
Lạc thay, mọi khổ diệt.",Kinh Pháp Cú,Phẩm Con Voi - Bài Kệ 332
"Lạc thay, hiếu mẹ cha
Ðời này cõi đời sau,
Lạc thay kính bậc Thánh,
Ðời này cõi đời sau.",Kinh Pháp Cú,Phẩm Ái Dục - Bài Kệ 333
"Từ dục sinh lo sợ,
Ly dục, không lo sợ,
Ai khéo xa lìa dục,
Không khó tránh đường ma.",Kinh Pháp Cú,Phẩm Ái Dục - Bài Kệ 334
"Ai bị dục lạc hại,
Tâm ý bị trói buộc,
Ái ưa nhuốm đẹp sắc,
Người ấy ái tăng trưởng,
Thật buộc chặt thêm nữa.",Kinh Pháp Cú,Phẩm Ái Dục - Bài Kệ 335
"Ai vui diệt tham ái,
Thường tập không tịnh quán,
Người ấy sẽ tận diệt
Trói buộc của ác ma.",Kinh Pháp Cú,Phẩm Ái Dục - Bài Kệ 336
"Vị ấy đạt đích cuối,
Không sợ, không tham ái,
Không nhiễm ô, thoát chướng,
Nhổ tên khổ sanh tử,
Thân này là sau cuối.",Kinh Pháp Cú,Phẩm Ái Dục - Bài Kệ 337
"Không ái không chấp thủ,
Thiện xảo thuộc từ cú,
Hiểu văn tự thứ lớp,
Người này gọi đại trí,
Thân này là sau cuối.",Kinh Pháp Cú,Phẩm Ái Dục - Bài Kệ 338
"Ta hàng phục tất cả,
Ta rõ biết tất cả,
Mọi pháp không nhiễm ô,
Ta từ bỏ tất cả,
Ái diệt, tự giải thoát,
Tự mình rõ thắng trí,
Nói ai là bậc Thầy?",Kinh Pháp Cú,Phẩm Ái Dục - Bài Kệ 339
"Dòng ái dục chảy khắp,
Như giây leo mọc tràn,
Thấy giây leo vừa sanh,
Với tuệ, hãy đoạn gốc.",Kinh Pháp Cú,Phẩm Ái Dục - Bài Kệ 340
"Người đời nhớ ái dục,
Ưa thích các hỷ lạc.
Tuy mong cầu an lạc,
Họ vẫn phải sanh già.",Kinh Pháp Cú,Phẩm Ái Dục - Bài Kệ 341
"Người bị ái buộc ràng,
Vùng vẫy và hoảng sợ,
Như thỏ bị sa lưới.
Họ sanh ái trói buộc,
Chịu khổ đau dài dài.",Kinh Pháp Cú,Phẩm Ái Dục - Bài Kệ 342
"Người bị ái buộc ràng,
Vùng vẫy và hoảng sợ,
Như thỏ bị sa lưới.
Do vậy vị tỷ kheo,
Mong cầu mình ly tham
Nên nhiếp phục ái dục.",Kinh Pháp Cú,Phẩm Ái Dục - Bài Kệ 343
"Lìa rừng lại hướng rừng
Thoát rừng chạy theo rừng.
Nên xem người như vậy,
Ðược thoát khỏi buộc ràng.
Lại chạy theo ràng buộc.",Kinh Pháp Cú,Phẩm Ái Dục - Bài Kệ 344
"Sắt, cây, gai trói buộc
Người trí xem chưa bền.
Tham châu báu, trang sức
Tham vọng vợ và con.",Kinh Pháp Cú,Phẩm Ái Dục - Bài Kệ 345
"Người có trí nói rằng:
""Trói buộc này thật bền.
Rì kéo xuống, lún xuống,
Nhưng thật sự khó thoát.
Người trí cắt trừ nó,
Bỏ dục lạc, không màng.",Kinh Pháp Cú,Phẩm Ái Dục - Bài Kệ 346
"Người đắm say ái dục
Tự lao mình xuống dòng
Như nhện sa lưới dệt.
Người trí cắt trừ nó,
Bỏ mọi khổ, không màng.",Kinh Pháp Cú,Phẩm Ái Dục - Bài Kệ 347
"Bỏ quá, hiện, vị lai,
Ðến bờ kia cuộc đời,
Ý giải thoát tất cả,
Chớ vướng lại sanh già.",Kinh Pháp Cú,Phẩm Ái Dục - Bài Kệ 348
"Người tà ý nhiếp phục,
Tham sắc bén nhìn tịnh,
Người ấy ái tăng trưởng,
Làm giây trói mình chặt.",Kinh Pháp Cú,Phẩm Ái Dục - Bài Kệ 349
"Ai vui, an tịnh ý,
Quán bất tịnh, thường niệm,
Người ấy sẽ diệt ái,
Cắt đứt Ma trói buộc.",Kinh Pháp Cú,Phẩm Ái Dục - Bài Kệ 350
"Ai tới đích, không sợ,
Ly ái, không nhiễm ô
Nhổ mũi tên sanh tử,
Thân này thân cuối cùng.",Kinh Pháp Cú,Phẩm Ái Dục - Bài Kệ 351
"Ái lìa, không chấp thủ.
Cú pháp khéo biện tài
Thấu suốt từ vô ngại,
Hiểu thứ lớp trước sau.
Thân này thân cuối cùng
Vị như vậy được gọi,
Bậc Ðại trí, đại nhân.",Kinh Pháp Cú,Phẩm Ái Dục - Bài Kệ 352
"Ta hàng phục tất cả,
Ta rõ biết tất cả,
Không bị nhiễm pháp nào.
Ta từ bỏ tất cả
Ái diệt, tự giải thoát.
Ðã tự mình thắng trí,
Ta gọi ai thầy ta?",Kinh Pháp Cú,Phẩm Ái Dục - Bài Kệ 353
"Pháp thí, thắng mọi thí!
Pháp vị, thắng mọi vị!
Pháp hỷ, thắng mọi hỷ!
Ái diệt, dứt mọi khổ!",Kinh Pháp Cú,Phẩm Ái Dục - Bài Kệ 354
"Tài sản hại người ngu.
Không người tìm bờ kia
Kẻ ngu vì tham giàu,
Hại mình và hại người.",Kinh Pháp Cú,Phẩm Ái Dục - Bài Kệ 355
"Cỏ làm hại ruộng vườn,
Tham làm hại người đời.
Bố thí người ly tham,
Do vậy được quả lớn.",Kinh Pháp Cú,Phẩm Ái Dục - Bài Kệ 356
"Cỏ làm hại ruộng vườn,
Sân làm hại người đời.
Bố thí người ly sân,
Do vậy được quả lớn.",Kinh Pháp Cú,Phẩm Ái Dục - Bài Kệ 357
"Cỏ làm hại ruộng vườn,
Si làm hại người đời,
Bố thí người ly si,
Do vậy được quả lớn.",Kinh Pháp Cú,Phẩm Ái Dục - Bài Kệ 358
"Cỏ làm hại ruộng vườn,
Dục làm hại người đời.
Bố thí người ly dục,
Do vậy được quả lớn.",Kinh Pháp Cú,Phẩm Ái Dục - Bài Kệ 359
"Lành thay, phòng hộ mắt,
Lành thay, phòng hộ tai,
Lành thay, phòng hộ mũi,
Lành thay, phòng hộ lưỡi.",Kinh Pháp Cú,Phẩm Tỳ Khưu - Bài Kệ 360
"Lành thay, phòng hộ thân!
Lành thay, phòng hộ lời,
Lành thay, phòng hộ ý,
Lành thay, hộ tất cả.
Tỷ kheo hộ tất cả,
Giải thoát mọi khổ đau.",Kinh Pháp Cú,Phẩm Tỳ Khưu - Bài Kệ 361
"Người chế ngự tay chân,
Chế ngự lời và đầu,
Ðiều phục trong nội tâm,
Tịnh lạc, sống độc cư,
Người ấy gọi Tỷ kheo.",Kinh Pháp Cú,Phẩm Tỳ Khưu - Bài Kệ 362
"Tỷ kheo chế ngự miệng,
Nói năng điều hòa nhã,
Không tự cao, giảng Nghĩa,
Giảng Pháp, ngọt lời nói.",Kinh Pháp Cú,Phẩm Tỳ Khưu - Bài Kệ 363
"Vị Tỳ kheo thích pháp,
Mến pháp, suy tư pháp,
Tâm tư niệm chánh pháp,
Không rời bỏ chánh pháp.",Kinh Pháp Cú,Phẩm Tỳ Khưu - Bài Kệ 364
"Không khinh điều mình được,
Không ganh người khác được,
Tỳ kheo ganh tỵ người
Không sao chứng thiền định.",Kinh Pháp Cú,Phẩm Tỳ Khưu - Bài Kệ 365
"Tỳ kheo dầu được ít,
Không khinh điều mình được,
Sống thanh tịnh không nhác,
Chư thiên khen vị này.",Kinh Pháp Cú,Phẩm Tỳ Khưu - Bài Kệ 366
"Hoàn toàn, đối danh sắc,
Không chấp ta, của ta,
Không chấp, không sầu não,
Thật xứng danh Tỳ kheo.",Kinh Pháp Cú,Phẩm Tỳ Khưu - Bài Kệ 367
"Tỳ kheo trú từ bi,
Tín thành giáo pháp Phật,
Chứng cảnh giới tịch tịnh,
Các hạnh an tịnh lạc.",Kinh Pháp Cú,Phẩm Tỳ Khưu - Bài Kệ 368
"Tỷ kheo, tát thuyền này,
Thuyền không, nhẹ đi mau.
Trừ tham, diệt sân hận,
Tất chứng đạt Niết Bàn.",Kinh Pháp Cú,Phẩm Tỳ Khưu - Bài Kệ 369
"Ðoạn năm, từ bỏ năm,
Năm thứ khác, tu tập,
Tỷ kheo vượt năm chấp,
Ðược gọi độ bộc lưu.",Kinh Pháp Cú,Phẩm Tỳ Khưu - Bài Kệ 370
"Tỷ kheo hãy tu thiền,
Chớ buông lung, phóng dật,
Chớ để tâm tham dục,
Trôi lăn theo sắc pháp,
Chớ phóng dật nuốt sắt,
Lửa đốt, chớ than khóc:
""Ðây là khổ"", ""Ðây là khổ"".",Kinh Pháp Cú,Phẩm Tỳ Khưu - Bài Kệ 371
"Không trí tuệ, không thiền,
Không thiền, không trí tuệ.
Ai thiền, tuệ song hành,
Gần Niết Bàn, người ấy.",Kinh Pháp Cú,Phẩm Tỳ Khưu - Bài Kệ 372
"Tỷ kheo nhập tịnh thất,
Tâm an trú thiền định,
Thấu rõ chơn chánh pháp,
Hưởng an lạc vô thượng.",Kinh Pháp Cú,Phẩm Tỳ Khưu - Bài Kệ 373
"Vị nào quán tự tri,
Sự hợp, diệt các uẩn,
Ðạt được hỷ và lạc,
Vị ấy chứng bất tử.",Kinh Pháp Cú,Phẩm Tỳ Khưu - Bài Kệ 374
"Ðiều bậc nhất ở đây,
Tỷ kheo có trí tuệ:
Hộ trì các căn môn,
Tu tập tri túc hạnh,
Hộ trì giới căn bản,
Thân cận bạn hiền lương,
Sạch hạnh, hành cần mẫn.",Kinh Pháp Cú,Phẩm Tỳ Khưu - Bài Kệ 375
"Hãy sống thân thiện hảo,
Thủ giới hạnh đoan chính,
Nhờ vậy được hoan hỷ,
Chấm dứt mọi khổ đau.",Kinh Pháp Cú,Phẩm Tỳ Khưu - Bài Kệ 376
"Như hoa Vassikà,
Quăng bỏ cánh úa tàn,
Cũng vậy vị Tỷ kheo,
Hãy giải thoát tham sân.",Kinh Pháp Cú,Phẩm Tỳ Khưu - Bài Kệ 377
"Tỷ kheo thân tịnh lặng,
Lời nói và tâm định,
Giữ yên lặng tư tưởng,
Ðược gọi an tịnh vui.",Kinh Pháp Cú,Phẩm Tỳ Khưu - Bài Kệ 378
"Tự mình làm sáng tỏ,
Tự tỉnh giác, tự ngự,
Tỷ kheo trú an lạc,
Vị ấy tự điều phục.",Kinh Pháp Cú,Phẩm Tỳ Khưu - Bài Kệ 379
"Tự mình, Chủ tự mình,
Ai khác chủ tự mình,
Vì vậy hãy điều phục,
Như thương gia ngựa hiền.",Kinh Pháp Cú,Phẩm Tỳ Khưu - Bài Kệ 380
"Tỷ kheo đầy hoan hỷ,
Tín thành giáo pháp Phật,
Sẽ đạt cảnh an tịnh,
Tịch tịnh lạc, các hành.",Kinh Pháp Cú,Phẩm Tỳ Khưu - Bài Kệ 381
"Tỷ kheo dầu niên thiếu,
Nhiệt tâm Pháp Phật dạy,
Soi Sáng đời thế này,
Như trăng thoát khỏi mây.",Kinh Pháp Cú,Phẩm Tỳ Khưu - Bài Kệ 382
"Này đây Bà-la-môn,
Hãy đoạn dòng tham ái,
Thấu triệt Pháp suy hoại,
Chứng đạt bậc Vô Sanh.",Kinh Pháp Cú,Phẩm Bà-la-môn - Bài Kệ 383
"Bà-la-môn trí tuệ,
An trụ hai pháp lành,
Vượt sang bờ bên đó,
Dứt phiền não mối manh.",Kinh Pháp Cú,Phẩm Bà-la-môn - Bài Kệ 384
"Vị nào ở bờ này,
Bờ kia, không chấp trước,
Vô ngại, không dính mắc,
Ta gọi Bà-la-môn.",Kinh Pháp Cú,Phẩm Bà-la-môn - Bài Kệ 385
"Ẩn cư, thiền, thanh tịnh,
Vô lậu, tu viên thành,
Ðạt đến đích tối thượng,
Ta gọi Bà-la-môn.",Kinh Pháp Cú,Phẩm Bà-la-môn - Bài Kệ 386
"Mặt trời sáng ban ngày,
Trăng sáng lúc đêm hơi,
Quân vương mặc áo giáp,
Bà-la-môn tịnh lự,
Phật rực sáng suốt ngày.",Kinh Pháp Cú,Phẩm Bà-la-môn - Bài Kệ 387
"Bỏ ác gọi Bà-la-môn,
Sống bình đẳng, Sa-môn,
Bỏ nhơ đi khất thực,
Gọi vị ấy Tỷ kheo.",Kinh Pháp Cú,Phẩm Bà-la-môn - Bài Kệ 388
"Không nên đánh Phạm chí,
Phạm chí chớ trả đũa,
Hại ai, Phạm chí, nhục,
Nhục, hơn nhục, không đánh.",Kinh Pháp Cú,Phẩm Bà-la-môn - Bài Kệ 389
"Ðối với Bà là môn,
Ðiều này lợi không nhỏ,
Tâm yêu thương từ bỏ,
Ý độc hại dứt ngay,
Ðiều phục được thế này,
Khổ đau hẳn đoạn tuyệt.",Kinh Pháp Cú,Phẩm Bà-la-môn - Bài Kệ 390
"Người không tạo ác hạnh,
Bằng chính thân – khẩu – ý,
Ba nghiệp được chế chỉ,
Ta gọi Bà-la-môn.",Kinh Pháp Cú,Phẩm Bà-la-môn - Bài Kệ 391
"Ai học từ người khác,
Chánh pháp Phật giảng dạy,
Hãy cung kính vị ấy,
Như Phạm chí kính lửa.",Kinh Pháp Cú,Phẩm Bà-la-môn - Bài Kệ 392
"Không do búi tóc rối,
Dòng họ, tộc xuất sanh,
Là Phạm chí, Phạm Chí,
Ai chơn lý, chánh pháp,
Người ấy liền thanh tịnh,
Người ấy Bà-la-môn.",Kinh Pháp Cú,Phẩm Bà-la-môn - Bài Kệ 393
"Này người ngu, vô ích,
Búi tóc rối bên ngoài!
Vô ích y da thú!
Bên trong có mạng lưới,
Còn ngoài trang sức lông.",Kinh Pháp Cú,Phẩm Bà-la-môn - Bài Kệ 394
"Người đắp y chắp vá,
Gầy ốm gân lộ ra,
Thiền định giữa rừng già,
Bà-la-môn Ta gọi.",Kinh Pháp Cú,Phẩm Bà-la-môn - Bài Kệ 395
"Ta không gọi Phạm chí,
Do mẹ và dòng họ,
Chỉ gọi ""Người thân ái"",
Nếu người ấy hữu sản,
Không có, không chấp trước,
Ta gọi Bà-la-môn.",Kinh Pháp Cú,Phẩm Bà-la-môn - Bài Kệ 396
"Cắt mọi kiết sử nào,
Không có một sợ hãi,
Không chấp trước, giải thoát,
Ta gọi Bà-la-môn.",Kinh Pháp Cú,Phẩm Bà-la-môn - Bài Kệ 397
"Cắt dây cương, đai da,
Dứt dây, đồ phụ xa,
Bỏ trục ngang, giác ngộ,
Ta gọi Bà-la-môn.",Kinh Pháp Cú,Phẩm Bà-la-môn - Bài Kệ 398
"Chịu khiển trách, đánh đập,
Giết hại, không sân hận,
Hoài nhẫn lực quân đội,
Ta gọi Bà-la-môn.",Kinh Pháp Cú,Phẩm Bà-la-môn - Bài Kệ 399
"Giữ giới đức, ly ái,
Tròn bổn phận không sân,
Lần cuối tự điều thân,
Bà-la-môn Ta gọi.",Kinh Pháp Cú,Phẩm Bà-la-môn - Bài Kệ 400
"Như nước trên lá sen,
Ðầu kim hạt cải mèn,
Dục lạc không vướng mắc,
Ta gọi Bà-la-môn.",Kinh Pháp Cú,Phẩm Bà-la-môn - Bài Kệ 401
"Ai tại thế gian này,
Chứng đắc sự diệt khổ,
Bỏ gánh nặng, siêu độ,
Ta gọi Bà-la-môn.",Kinh Pháp Cú,Phẩm Bà-la-môn - Bài Kệ 402
"Người trí tuệ sâu xa,
Quán triệt đường Chánh – Tà,
Ðạt đến đích tối thượng,
Ta gọi Bà-la-môn.",Kinh Pháp Cú,Phẩm Bà-la-môn - Bài Kệ 403
"Chẳng quan tâm thân thiện,
Hàng thế tục, xuất gia,
Sống vô dục, không nhà,
Ta gọi Bà-la-môn.",Kinh Pháp Cú,Phẩm Bà-la-môn - Bài Kệ 404
"Bỏ trượng hại sanh linh,
Yếu mạnh không sát hại,
Không giết, không bảo giết,
Ta gọi Bà-la-môn.",Kinh Pháp Cú,Phẩm Bà-la-môn - Bài Kệ 405
"Không thù giữa thù địch,
An tịnh giữa bạo lực,
Bất chấp giữa chấp trước,
Ta gọi Bà-la-môn.",Kinh Pháp Cú,Phẩm Bà-la-môn - Bài Kệ 406
"Vất tham dục, sân hận,
Bỏ kiêu mạn, tị hiềm,
Như hạt cải đầu kim,
Bà-la-môn Ta gọi.",Kinh Pháp Cú,Phẩm Bà-la-môn - Bài Kệ 407
"Lời nói không thô ác,
Chơn thật, không mạnh bạc,
Không nói lời chia rẽ,
Ta gọi Bà-la-môn.",Kinh Pháp Cú,Phẩm Bà-la-môn - Bài Kệ 408
"Ở đời, vật dài, ngắn,
Nhỏ, lớn, đẹp hay xấu
Phàm không cho không lấy,
Ta gọi Bà-la-môn.",Kinh Pháp Cú,Phẩm Bà-la-môn - Bài Kệ 409
"Người không có hy cầu,
Ðời này và đời sau,
Không hy cầu, giải thoát,
Ta gọi Bà-la-môn.",Kinh Pháp Cú,Phẩm Bà-la-môn - Bài Kệ 410
"Người không còn tham ái,
Có trí, không nghi hoặc,
Thể nhập vào bất tử,
Ta gọi Bà-la-môn.",Kinh Pháp Cú,Phẩm Bà-la-môn - Bài Kệ 411
"Người sống ở đời này
Không nhiễm cả thiện ác,
Không sầu, sạch không bụi
Ta gọi Bà-la-môn.",Kinh Pháp Cú,Phẩm Bà-la-môn - Bài Kệ 412
"Như trăng, sạch không uế
Sáng trong và tịnh lặng,
Hữu ái, được đoạn tận,
Ta gọi Bà là môn.",Kinh Pháp Cú,Phẩm Bà-la-môn - Bài Kệ 413
"Vượt đường nguy hiểm này,
Nhiếp phục luân hồi, si,
Ðến bờ kia thiền định
Không dục ái, không nghi,
Không chấp trước, tịch tịnh,
Ta gọi Bà-la-môn.",Kinh Pháp Cú,Phẩm Bà-la-môn - Bài Kệ 414
"Ai ở đời, đoạn dục,
Bỏ nhà, sống xuất gia,
Dục hữu được đoạn tận,
Ta gọi Bà-la-môn.",Kinh Pháp Cú,Phẩm Bà-la-môn - Bài Kệ 415
"Ai ở đời đoạn ái
Bỏ nhà, sống xuất gia,
Ái hữu được đoạn tận,
Ta gọi Bà-la-môn.",Kinh Pháp Cú,Phẩm Bà-la-môn - Bài Kệ 416
"Bỏ trói buộc loài người,
Vượt trói buộc cõi trời.
Giải thoát mọi buộc ràng,
Ta gọi Bà-la-môn.",Kinh Pháp Cú,Phẩm Bà-la-môn - Bài Kệ 417
"Bỏ điều ưa, điều ghét,
Mát lạnh, diệt sanh y
Bậc anh hùng chiến thắng,
Nhiếp phục mọi thế giới,
Ta gọi Bà-la-môn.",Kinh Pháp Cú,Phẩm Bà-la-môn - Bài Kệ 418
"Ai hiểu rõ hoàn toàn
Sanh tử các chúng sanh,
Không nhiễm, khéo vượt qua,
Sáng suốt chân giác ngộ,
Ta gọi Bà-la-môn.",Kinh Pháp Cú,Phẩm Bà-la-môn - Bài Kệ 419
"Với ai, loài trời, người
Cùng với Càn thát bà,
Không biết chỗ thọ sanh
Lậu tận bậc La hán.
Ta gọi Bà-la-môn.",Kinh Pháp Cú,Phẩm Bà-la-môn - Bài Kệ 420
"Ai quá, hiện, vị lai
Không một sở hữu gì,
Không sở hữu không nắm,
Ta gọi Bà-la-môn.",Kinh Pháp Cú,Phẩm Bà-la-môn - Bài Kệ 421
"Bậc trâu chúa, thù thắng
Bậc anh hùng, đại sĩ,
Bậc chiến thắng, không nhiễm,
Bậc tẩy sạch, giác ngộ,
Ta gọi Bà-la-môn.",Kinh Pháp Cú,Phẩm Bà-la-môn - Bài Kệ 422
"Ai biết được đời trước,
Thấy thiên giới, đọa xứ,
Ðạt được sanh diệt tận
Thắng trí, tự viên thành
Bậc mâu ni đạo sĩ.
Viên mãn mọi thành tựu
Ta gọi Bà-la-môn.",Kinh Pháp Cú,Phẩm Bà-la-môn - Bài Kệ 423